Workbook

Sheet 等级-经验对照
A1: 等级-经验对照
A3: 等级 | B3: 累计经验 | C3: 下一级经验
A4: 1 | B4: =ROUND(IF(A4<=参数说明!$A$14,FORECAST(A4,参数说明!$B$13:$B$14,参数说明!$A$13:$A$14),IF(A4<=参数说明!$A$15,FORECAST(A4,参数说明!$B$14:$B$15,参数说明!$A$14:$A$15),IF(A4<=参数说明!$A$16,FORECAST(A4,参数说明!$B$15:$B$16,参数说明!$A$15:$A$16),IF(A4<=参数说明!$A$17,FORECAST(A4,参数说明!$B$16:$B$17,参数说明!$A$16:$A$17),IF(A4<=参数说明!$A$18,FORECAST(A4,参数说明!$B$17:$B$18,参数说明!$A$17:$A$18),IF(A4<=参数说明!$A$19,FORECAST(A4,参数说明!$B$18:$B$19,参数说明!$A$18:$A$19),FORECAST(A4,参数说明!$B$19:$B$20,参数说明!$A$19:$A$20)))))))/5,0)*5 -> 10 | C4: =B5-B4 -> 10
A5: 2 | B5: =ROUND(IF(A5<=参数说明!$A$14,FORECAST(A5,参数说明!$B$13:$B$14,参数说明!$A$13:$A$14),IF(A5<=参数说明!$A$15,FORECAST(A5,参数说明!$B$14:$B$15,参数说明!$A$14:$A$15),IF(A5<=参数说明!$A$16,FORECAST(A5,参数说明!$B$15:$B$16,参数说明!$A$15:$A$16),IF(A5<=参数说明!$A$17,FORECAST(A5,参数说明!$B$16:$B$17,参数说明!$A$16:$A$17),IF(A5<=参数说明!$A$18,FORECAST(A5,参数说明!$B$17:$B$18,参数说明!$A$17:$A$18),IF(A5<=参数说明!$A$19,FORECAST(A5,参数说明!$B$18:$B$19,参数说明!$A$18:$A$19),FORECAST(A5,参数说明!$B$19:$B$20,参数说明!$A$19:$A$20)))))))/5,0)*5 -> 20 | C5: =B6-B5 -> 10
A6: 3 | B6: =ROUND(IF(A6<=参数说明!$A$14,FORECAST(A6,参数说明!$B$13:$B$14,参数说明!$A$13:$A$14),IF(A6<=参数说明!$A$15,FORECAST(A6,参数说明!$B$14:$B$15,参数说明!$A$14:$A$15),IF(A6<=参数说明!$A$16,FORECAST(A6,参数说明!$B$15:$B$16,参数说明!$A$15:$A$16),IF(A6<=参数说明!$A$17,FORECAST(A6,参数说明!$B$16:$B$17,参数说明!$A$16:$A$17),IF(A6<=参数说明!$A$18,FORECAST(A6,参数说明!$B$17:$B$18,参数说明!$A$17:$A$18),IF(A6<=参数说明!$A$19,FORECAST(A6,参数说明!$B$18:$B$19,参数说明!$A$18:$A$19),FORECAST(A6,参数说明!$B$19:$B$20,参数说明!$A$19:$A$20)))))))/5,0)*5 -> 30 | C6: =B7-B6 -> 30
A7: 4 | B7: =ROUND(IF(A7<=参数说明!$A$14,FORECAST(A7,参数说明!$B$13:$B$14,参数说明!$A$13:$A$14),IF(A7<=参数说明!$A$15,FORECAST(A7,参数说明!$B$14:$B$15,参数说明!$A$14:$A$15),IF(A7<=参数说明!$A$16,FORECAST(A7,参数说明!$B$15:$B$16,参数说明!$A$15:$A$16),IF(A7<=参数说明!$A$17,FORECAST(A7,参数说明!$B$16:$B$17,参数说明!$A$16:$A$17),IF(A7<=参数说明!$A$18,FORECAST(A7,参数说明!$B$17:$B$18,参数说明!$A$17:$A$18),IF(A7<=参数说明!$A$19,FORECAST(A7,参数说明!$B$18:$B$19,参数说明!$A$18:$A$19),FORECAST(A7,参数说明!$B$19:$B$20,参数说明!$A$19:$A$20)))))))/5,0)*5 -> 60 | C7: =B8-B7 -> 25
A8: 5 | B8: =ROUND(IF(A8<=参数说明!$A$14,FORECAST(A8,参数说明!$B$13:$B$14,参数说明!$A$13:$A$14),IF(A8<=参数说明!$A$15,FORECAST(A8,参数说明!$B$14:$B$15,参数说明!$A$14:$A$15),IF(A8<=参数说明!$A$16,FORECAST(A8,参数说明!$B$15:$B$16,参数说明!$A$15:$A$16),IF(A8<=参数说明!$A$17,FORECAST(A8,参数说明!$B$16:$B$17,参数说明!$A$16:$A$17),IF(A8<=参数说明!$A$18,FORECAST(A8,参数说明!$B$17:$B$18,参数说明!$A$17:$A$18),IF(A8<=参数说明!$A$19,FORECAST(A8,参数说明!$B$18:$B$19,参数说明!$A$18:$A$19),FORECAST(A8,参数说明!$B$19:$B$20,参数说明!$A$19:$A$20)))))))/5,0)*5 -> 85 | C8: =B9-B8 -> 30
A9: 6 | B9: =ROUND(IF(A9<=参数说明!$A$14,FORECAST(A9,参数说明!$B$13:$B$14,参数说明!$A$13:$A$14),IF(A9<=参数说明!$A$15,FORECAST(A9,参数说明!$B$14:$B$15,参数说明!$A$14:$A$15),IF(A9<=参数说明!$A$16,FORECAST(A9,参数说明!$B$15:$B$16,参数说明!$A$15:$A$16),IF(A9<=参数说明!$A$17,FORECAST(A9,参数说明!$B$16:$B$17,参数说明!$A$16:$A$17),IF(A9<=参数说明!$A$18,FORECAST(A9,参数说明!$B$17:$B$18,参数说明!$A$17:$A$18),IF(A9<=参数说明!$A$19,FORECAST(A9,参数说明!$B$18:$B$19,参数说明!$A$18:$A$19),FORECAST(A9,参数说明!$B$19:$B$20,参数说明!$A$19:$A$20)))))))/5,0)*5 -> 115 | C9: =B10-B9 -> 25
A10: 7 | B10: =ROUND(IF(A10<=参数说明!$A$14,FORECAST(A10,参数说明!$B$13:$B$14,参数说明!$A$13:$A$14),IF(A10<=参数说明!$A$15,FORECAST(A10,参数说明!$B$14:$B$15,参数说明!$A$14:$A$15),IF(A10<=参数说明!$A$16,FORECAST(A10,参数说明!$B$15:$B$16,参数说明!$A$15:$A$16),IF(A10<=参数说明!$A$17,FORECAST(A10,参数说明!$B$16:$B$17,参数说明!$A$16:$A$17),IF(A10<=参数说明!$A$18,FORECAST(A10,参数说明!$B$17:$B$18,参数说明!$A$17:$A$18),IF(A10<=参数说明!$A$19,FORECAST(A10,参数说明!$B$18:$B$19,参数说明!$A$18:$A$19),FORECAST(A10,参数说明!$B$19:$B$20,参数说明!$A$19:$A$20)))))))/5,0)*5 -> 140 | C10: =B11-B10 -> 30
A11: 8 | B11: =ROUND(IF(A11<=参数说明!$A$14,FORECAST(A11,参数说明!$B$13:$B$14,参数说明!$A$13:$A$14),IF(A11<=参数说明!$A$15,FORECAST(A11,参数说明!$B$14:$B$15,参数说明!$A$14:$A$15),IF(A11<=参数说明!$A$16,FORECAST(A11,参数说明!$B$15:$B$16,参数说明!$A$15:$A$16),IF(A11<=参数说明!$A$17,FORECAST(A11,参数说明!$B$16:$B$17,参数说明!$A$16:$A$17),IF(A11<=参数说明!$A$18,FORECAST(A11,参数说明!$B$17:$B$18,参数说明!$A$17:$A$18),IF(A11<=参数说明!$A$19,FORECAST(A11,参数说明!$B$18:$B$19,参数说明!$A$18:$A$19),FORECAST(A11,参数说明!$B$19:$B$20,参数说明!$A$19:$A$20)))))))/5,0)*5 -> 170 | C11: =B12-B11 -> 25
A12: 9 | B12: =ROUND(IF(A12<=参数说明!$A$14,FORECAST(A12,参数说明!$B$13:$B$14,参数说明!$A$13:$A$14),IF(A12<=参数说明!$A$15,FORECAST(A12,参数说明!$B$14:$B$15,参数说明!$A$14:$A$15),IF(A12<=参数说明!$A$16,FORECAST(A12,参数说明!$B$15:$B$16,参数说明!$A$15:$A$16),IF(A12<=参数说明!$A$17,FORECAST(A12,参数说明!$B$16:$B$17,参数说明!$A$16:$A$17),IF(A12<=参数说明!$A$18,FORECAST(A12,参数说明!$B$17:$B$18,参数说明!$A$17:$A$18),IF(A12<=参数说明!$A$19,FORECAST(A12,参数说明!$B$18:$B$19,参数说明!$A$18:$A$19),FORECAST(A12,参数说明!$B$19:$B$20,参数说明!$A$19:$A$20)))))))/5,0)*5 -> 195 | C12: =B13-B12 -> 30
A13: 10 | B13: =ROUND(IF(A13<=参数说明!$A$14,FORECAST(A13,参数说明!$B$13:$B$14,参数说明!$A$13:$A$14),IF(A13<=参数说明!$A$15,FORECAST(A13,参数说明!$B$14:$B$15,参数说明!$A$14:$A$15),IF(A13<=参数说明!$A$16,FORECAST(A13,参数说明!$B$15:$B$16,参数说明!$A$15:$A$16),IF(A13<=参数说明!$A$17,FORECAST(A13,参数说明!$B$16:$B$17,参数说明!$A$16:$A$17),IF(A13<=参数说明!$A$18,FORECAST(A13,参数说明!$B$17:$B$18,参数说明!$A$17:$A$18),IF(A13<=参数说明!$A$19,FORECAST(A13,参数说明!$B$18:$B$19,参数说明!$A$18:$A$19),FORECAST(A13,参数说明!$B$19:$B$20,参数说明!$A$19:$A$20)))))))/5,0)*5 -> 225 | C13: =B14-B13 -> 60
A14: 11 | B14: =ROUND(IF(A14<=参数说明!$A$14,FORECAST(A14,参数说明!$B$13:$B$14,参数说明!$A$13:$A$14),IF(A14<=参数说明!$A$15,FORECAST(A14,参数说明!$B$14:$B$15,参数说明!$A$14:$A$15),IF(A14<=参数说明!$A$16,FORECAST(A14,参数说明!$B$15:$B$16,参数说明!$A$15:$A$16),IF(A14<=参数说明!$A$17,FORECAST(A14,参数说明!$B$16:$B$17,参数说明!$A$16:$A$17),IF(A14<=参数说明!$A$18,FORECAST(A14,参数说明!$B$17:$B$18,参数说明!$A$17:$A$18),IF(A14<=参数说明!$A$19,FORECAST(A14,参数说明!$B$18:$B$19,参数说明!$A$18:$A$19),FORECAST(A14,参数说明!$B$19:$B$20,参数说明!$A$19:$A$20)))))))/5,0)*5 -> 285 | C14: =B15-B14 -> 65
A15: 12 | B15: =ROUND(IF(A15<=参数说明!$A$14,FORECAST(A15,参数说明!$B$13:$B$14,参数说明!$A$13:$A$14),IF(A15<=参数说明!$A$15,FORECAST(A15,参数说明!$B$14:$B$15,参数说明!$A$14:$A$15),IF(A15<=参数说明!$A$16,FORECAST(A15,参数说明!$B$15:$B$16,参数说明!$A$15:$A$16),IF(A15<=参数说明!$A$17,FORECAST(A15,参数说明!$B$16:$B$17,参数说明!$A$16:$A$17),IF(A15<=参数说明!$A$18,FORECAST(A15,参数说明!$B$17:$B$18,参数说明!$A$17:$A$18),IF(A15<=参数说明!$A$19,FORECAST(A15,参数说明!$B$18:$B$19,参数说明!$A$18:$A$19),FORECAST(A15,参数说明!$B$19:$B$20,参数说明!$A$19:$A$20)))))))/5,0)*5 -> 350 | C15: =B16-B15 -> 60
... A102: 99 | B102: =ROUND(IF(A102<=参数说明!$A$14,FORECAST(A102,参数说明!$B$13:$B$14,参数说明!$A$13:$A$14),IF(A102<=参数说明!$A$15,FORECAST(A102,参数说明!$B$14:$B$15,参数说明!$A$14:$A$15),IF(A102<=参数说明!$A$16,FORECAST(A102,参数说明!$B$15:$B$16,参数说明!$A$15:$A$16),IF(A102<=参数说明!$A$17,FORECAST(A102,参数说明!$B$16:$B$17,参数说明!$A$16:$A$17),IF(A102<=参数说明!$A$18,FORECAST(A102,参数说明!$B$17:$B$18,参数说明!$A$17:$A$18),IF(A102<=参数说明!$A$19,FORECAST(A102,参数说明!$B$18:$B$19,参数说明!$A$18:$A$19),FORECAST(A102,参数说明!$B$19:$B$20,参数说明!$A$19:$A$20)))))))/5,0)*5 -> 27125 | C102: =B103-B102 -> 475
A103: 100 | B103: =ROUND(IF(A103<=参数说明!$A$14,FORECAST(A103,参数说明!$B$13:$B$14,参数说明!$A$13:$A$14),IF(A103<=参数说明!$A$15,FORECAST(A103,参数说明!$B$14:$B$15,参数说明!$A$14:$A$15),IF(A103<=参数说明!$A$16,FORECAST(A103,参数说明!$B$15:$B$16,参数说明!$A$15:$A$16),IF(A103<=参数说明!$A$17,FORECAST(A103,参数说明!$B$16:$B$17,参数说明!$A$16:$A$17),IF(A103<=参数说明!$A$18,FORECAST(A103,参数说明!$B$17:$B$18,参数说明!$A$17:$A$18),IF(A103<=参数说明!$A$19,FORECAST(A103,参数说明!$B$18:$B$19,参数说明!$A$18:$A$19),FORECAST(A103,参数说明!$B$19:$B$20,参数说明!$A$19:$A$20)))))))/5,0)*5 -> 27600 | C103: ="Max" -> Max

Sheet 日期-等级经验曲线
A1: 日期-等级经验曲线
A3: 新增日期 | B3: 相对天数 | C3: 当日 XP | D3: 累计经验 | E3: 等级 | F3: 关键节点 | G3: 关键节点表
A4: =参数说明!$B$8+0 -> 46197 | B4: 0 | C4: =IF(B4=0,0,IF(B4<=7,FORECAST(B4,参数说明!$B$24:$B$25,参数说明!$A$24:$A$25),IF(B4<=30,FORECAST(B4,参数说明!$B$25:$B$26,参数说明!$A$25:$A$26),IF(B4<=60,FORECAST(B4,参数说明!$B$26:$B$27,参数说明!$A$26:$A$27),IF(B4<=90,FORECAST(B4,参数说明!$B$27:$B$28,参数说明!$A$27:$A$28),IF(B4<=180,FORECAST(B4,参数说明!$B$28:$B$29,参数说明!$A$28:$A$29),FORECAST(B4,参数说明!$B$29:$B$30,参数说明!$A$29:$A$30))))))) -> 0 | D4: =C4 -> 0 | E4: =IF(D4<'等级-经验对照'!$B$4,0,LOOKUP(D4,'等级-经验对照'!$B$4:$B$103,'等级-经验对照'!$A$4:$A$103)) -> 0 | F4: =IF(OR(B4=1,B4=7,B4=30,B4=60,B4=90,B4=180,B4=365),"D"&B4&" / Lv"&E4&" / "&ROUND(D4,0)&" XP","") | G4: 节点 | H4: 日期 | I4: 当日 XP | J4: 累计经验 | K4: 等级/说明
A5: =参数说明!$B$8+1 -> 46198 | B5: 1 | C5: =IF(B5=0,0,IF(B5<=7,FORECAST(B5,参数说明!$B$24:$B$25,参数说明!$A$24:$A$25),IF(B5<=30,FORECAST(B5,参数说明!$B$25:$B$26,参数说明!$A$25:$A$26),IF(B5<=60,FORECAST(B5,参数说明!$B$26:$B$27,参数说明!$A$26:$A$27),IF(B5<=90,FORECAST(B5,参数说明!$B$27:$B$28,参数说明!$A$27:$A$28),IF(B5<=180,FORECAST(B5,参数说明!$B$28:$B$29,参数说明!$A$28:$A$29),FORECAST(B5,参数说明!$B$29:$B$30,参数说明!$A$29:$A$30))))))) -> 30 | D5: =D4+C5 -> 30 | E5: =IF(D5<'等级-经验对照'!$B$4,0,LOOKUP(D5,'等级-经验对照'!$B$4:$B$103,'等级-经验对照'!$A$4:$A$103)) -> 3 | F5: =IF(OR(B5=1,B5=7,B5=30,B5=60,B5=90,B5=180,B5=365),"D"&B5&" / Lv"&E5&" / "&ROUND(D5,0)&" XP","") -> D1 / Lv3 / 30 XP | G5: D1 | H5: =_xlfn.XLOOKUP(1,$B$4:$B$369,$A$4:$A$369) -> 46198 | I5: =_xlfn.XLOOKUP(1,$B$4:$B$369,$C$4:$C$369) -> 30 | J5: =_xlfn.XLOOKUP(1,$B$4:$B$369,$D$4:$D$369) -> 30 | K5: ="Lv"&_xlfn.XLOOKUP(1,$B$4:$B$369,$E$4:$E$369)&" / "&_xlfn.XLOOKUP(1,$B$4:$B$369,$F$4:$F$369) -> Lv3 / D1 / Lv3 / 30 XP
A6: =参数说明!$B$8+2 -> 46199 | B6: 2 | C6: =IF(B6=0,0,IF(B6<=7,FORECAST(B6,参数说明!$B$24:$B$25,参数说明!$A$24:$A$25),IF(B6<=30,FORECAST(B6,参数说明!$B$25:$B$26,参数说明!$A$25:$A$26),IF(B6<=60,FORECAST(B6,参数说明!$B$26:$B$27,参数说明!$A$26:$A$27),IF(B6<=90,FORECAST(B6,参数说明!$B$27:$B$28,参数说明!$A$27:$A$28),IF(B6<=180,FORECAST(B6,参数说明!$B$28:$B$29,参数说明!$A$28:$A$29),FORECAST(B6,参数说明!$B$29:$B$30,参数说明!$A$29:$A$30))))))) -> 30.833333 | D6: =D5+C6 -> 60.833333 | E6: =IF(D6<'等级-经验对照'!$B$4,0,LOOKUP(D6,'等级-经验对照'!$B$4:$B$103,'等级-经验对照'!$A$4:$A$103)) -> 4 | F6: =IF(OR(B6=1,B6=7,B6=30,B6=60,B6=90,B6=180,B6=365),"D"&B6&" / Lv"&E6&" / "&ROUND(D6,0)&" XP","") | G6: D7 | H6: =_xlfn.XLOOKUP(7,$B$4:$B$369,$A$4:$A$369) -> 46204 | I6: =_xlfn.XLOOKUP(7,$B$4:$B$369,$C$4:$C$369) -> 35 | J6: =_xlfn.XLOOKUP(7,$B$4:$B$369,$D$4:$D$369) -> 227.5 | K6: ="Lv"&_xlfn.XLOOKUP(7,$B$4:$B$369,$E$4:$E$369)&" / "&_xlfn.XLOOKUP(7,$B$4:$B$369,$F$4:$F$369) -> Lv10 / D7 / Lv10 / 228 XP
A7: =参数说明!$B$8+3 -> 46200 | B7: 3 | C7: =IF(B7=0,0,IF(B7<=7,FORECAST(B7,参数说明!$B$24:$B$25,参数说明!$A$24:$A$25),IF(B7<=30,FORECAST(B7,参数说明!$B$25:$B$26,参数说明!$A$25:$A$26),IF(B7<=60,FORECAST(B7,参数说明!$B$26:$B$27,参数说明!$A$26:$A$27),IF(B7<=90,FORECAST(B7,参数说明!$B$27:$B$28,参数说明!$A$27:$A$28),IF(B7<=180,FORECAST(B7,参数说明!$B$28:$B$29,参数说明!$A$28:$A$29),FORECAST(B7,参数说明!$B$29:$B$30,参数说明!$A$29:$A$30))))))) -> 31.666667 | D7: =D6+C7 -> 92.5 | E7: =IF(D7<'等级-经验对照'!$B$4,0,LOOKUP(D7,'等级-经验对照'!$B$4:$B$103,'等级-经验对照'!$A$4:$A$103)) -> 5 | F7: =IF(OR(B7=1,B7=7,B7=30,B7=60,B7=90,B7=180,B7=365),"D"&B7&" / Lv"&E7&" / "&ROUND(D7,0)&" XP","") | G7: D30 | H7: =_xlfn.XLOOKUP(30,$B$4:$B$369,$A$4:$A$369) -> 46227 | I7: =_xlfn.XLOOKUP(30,$B$4:$B$369,$C$4:$C$369) -> 45 | J7: =_xlfn.XLOOKUP(30,$B$4:$B$369,$D$4:$D$369) -> 1152.5 | K7: ="Lv"&_xlfn.XLOOKUP(30,$B$4:$B$369,$E$4:$E$369)&" / "&_xlfn.XLOOKUP(30,$B$4:$B$369,$F$4:$F$369) -> Lv25 / D30 / Lv25 / 1153 XP
A8: =参数说明!$B$8+4 -> 46201 | B8: 4 | C8: =IF(B8=0,0,IF(B8<=7,FORECAST(B8,参数说明!$B$24:$B$25,参数说明!$A$24:$A$25),IF(B8<=30,FORECAST(B8,参数说明!$B$25:$B$26,参数说明!$A$25:$A$26),IF(B8<=60,FORECAST(B8,参数说明!$B$26:$B$27,参数说明!$A$26:$A$27),IF(B8<=90,FORECAST(B8,参数说明!$B$27:$B$28,参数说明!$A$27:$A$28),IF(B8<=180,FORECAST(B8,参数说明!$B$28:$B$29,参数说明!$A$28:$A$29),FORECAST(B8,参数说明!$B$29:$B$30,参数说明!$A$29:$A$30))))))) -> 32.5 | D8: =D7+C8 -> 125 | E8: =IF(D8<'等级-经验对照'!$B$4,0,LOOKUP(D8,'等级-经验对照'!$B$4:$B$103,'等级-经验对照'!$A$4:$A$103)) -> 6 | F8: =IF(OR(B8=1,B8=7,B8=30,B8=60,B8=90,B8=180,B8=365),"D"&B8&" / Lv"&E8&" / "&ROUND(D8,0)&" XP","") | G8: D60 | H8: =_xlfn.XLOOKUP(60,$B$4:$B$369,$A$4:$A$369) -> 46257 | I8: =_xlfn.XLOOKUP(60,$B$4:$B$369,$C$4:$C$369) -> 55 | J8: =_xlfn.XLOOKUP(60,$B$4:$B$369,$D$4:$D$369) -> 2657.5 | K8: ="Lv"&_xlfn.XLOOKUP(60,$B$4:$B$369,$E$4:$E$369)&" / "&_xlfn.XLOOKUP(60,$B$4:$B$369,$F$4:$F$369) -> Lv37 / D60 / Lv37 / 2658 XP
A9: =参数说明!$B$8+5 -> 46202 | B9: 5 | C9: =IF(B9=0,0,IF(B9<=7,FORECAST(B9,参数说明!$B$24:$B$25,参数说明!$A$24:$A$25),IF(B9<=30,FORECAST(B9,参数说明!$B$25:$B$26,参数说明!$A$25:$A$26),IF(B9<=60,FORECAST(B9,参数说明!$B$26:$B$27,参数说明!$A$26:$A$27),IF(B9<=90,FORECAST(B9,参数说明!$B$27:$B$28,参数说明!$A$27:$A$28),IF(B9<=180,FORECAST(B9,参数说明!$B$28:$B$29,参数说明!$A$28:$A$29),FORECAST(B9,参数说明!$B$29:$B$30,参数说明!$A$29:$A$30))))))) -> 33.333333 | D9: =D8+C9 -> 158.33333 | E9: =IF(D9<'等级-经验对照'!$B$4,0,LOOKUP(D9,'等级-经验对照'!$B$4:$B$103,'等级-经验对照'!$A$4:$A$103)) -> 7 | F9: =IF(OR(B9=1,B9=7,B9=30,B9=60,B9=90,B9=180,B9=365),"D"&B9&" / Lv"&E9&" / "&ROUND(D9,0)&" XP","") | G9: D90 | H9: =_xlfn.XLOOKUP(90,$B$4:$B$369,$A$4:$A$369) -> 46287 | I9: =_xlfn.XLOOKUP(90,$B$4:$B$369,$C$4:$C$369) -> 65 | J9: =_xlfn.XLOOKUP(90,$B$4:$B$369,$D$4:$D$369) -> 4462.5 | K9: ="Lv"&_xlfn.XLOOKUP(90,$B$4:$B$369,$E$4:$E$369)&" / "&_xlfn.XLOOKUP(90,$B$4:$B$369,$F$4:$F$369) -> Lv45 / D90 / Lv45 / 4463 XP
A10: =参数说明!$B$8+6 -> 46203 | B10: 6 | C10: =IF(B10=0,0,IF(B10<=7,FORECAST(B10,参数说明!$B$24:$B$25,参数说明!$A$24:$A$25),IF(B10<=30,FORECAST(B10,参数说明!$B$25:$B$26,参数说明!$A$25:$A$26),IF(B10<=60,FORECAST(B10,参数说明!$B$26:$B$27,参数说明!$A$26:$A$27),IF(B10<=90,FORECAST(B10,参数说明!$B$27:$B$28,参数说明!$A$27:$A$28),IF(B10<=180,FORECAST(B10,参数说明!$B$28:$B$29,参数说明!$A$28:$A$29),FORECAST(B10,参数说明!$B$29:$B$30,参数说明!$A$29:$A$30))))))) -> 34.166667 | D10: =D9+C10 -> 192.5 | E10: =IF(D10<'等级-经验对照'!$B$4,0,LOOKUP(D10,'等级-经验对照'!$B$4:$B$103,'等级-经验对照'!$A$4:$A$103)) -> 8 | F10: =IF(OR(B10=1,B10=7,B10=30,B10=60,B10=90,B10=180,B10=365),"D"&B10&" / Lv"&E10&" / "&ROUND(D10,0)&" XP","") | G10: D180 | H10: =_xlfn.XLOOKUP(180,$B$4:$B$369,$A$4:$A$369) -> 46377 | I10: =_xlfn.XLOOKUP(180,$B$4:$B$369,$C$4:$C$369) -> 80 | J10: =_xlfn.XLOOKUP(180,$B$4:$B$369,$D$4:$D$369) -> 10995 | K10: ="Lv"&_xlfn.XLOOKUP(180,$B$4:$B$369,$E$4:$E$369)&" / "&_xlfn.XLOOKUP(180,$B$4:$B$369,$F$4:$F$369) -> Lv65 / D180 / Lv65 / 10995 XP
A11: =参数说明!$B$8+7 -> 46204 | B11: 7 | C11: =IF(B11=0,0,IF(B11<=7,FORECAST(B11,参数说明!$B$24:$B$25,参数说明!$A$24:$A$25),IF(B11<=30,FORECAST(B11,参数说明!$B$25:$B$26,参数说明!$A$25:$A$26),IF(B11<=60,FORECAST(B11,参数说明!$B$26:$B$27,参数说明!$A$26:$A$27),IF(B11<=90,FORECAST(B11,参数说明!$B$27:$B$28,参数说明!$A$27:$A$28),IF(B11<=180,FORECAST(B11,参数说明!$B$28:$B$29,参数说明!$A$28:$A$29),FORECAST(B11,参数说明!$B$29:$B$30,参数说明!$A$29:$A$30))))))) -> 35 | D11: =D10+C11 -> 227.5 | E11: =IF(D11<'等级-经验对照'!$B$4,0,LOOKUP(D11,'等级-经验对照'!$B$4:$B$103,'等级-经验对照'!$A$4:$A$103)) -> 10 | F11: =IF(OR(B11=1,B11=7,B11=30,B11=60,B11=90,B11=180,B11=365),"D"&B11&" / Lv"&E11&" / "&ROUND(D11,0)&" XP","") -> D7 / Lv10 / 228 XP | G11: D365 | H11: =_xlfn.XLOOKUP(365,$B$4:$B$369,$A$4:$A$369) -> 46562 | I11: =_xlfn.XLOOKUP(365,$B$4:$B$369,$C$4:$C$369) -> 100 | J11: =_xlfn.XLOOKUP(365,$B$4:$B$369,$D$4:$D$369) -> 27655 | K11: ="Lv"&_xlfn.XLOOKUP(365,$B$4:$B$369,$E$4:$E$369)&" / "&_xlfn.XLOOKUP(365,$B$4:$B$369,$F$4:$F$369) -> Lv100 / D365 / Lv100 / 27655 XP
A12: =参数说明!$B$8+8 -> 46205 | B12: 8 | C12: =IF(B12=0,0,IF(B12<=7,FORECAST(B12,参数说明!$B$24:$B$25,参数说明!$A$24:$A$25),IF(B12<=30,FORECAST(B12,参数说明!$B$25:$B$26,参数说明!$A$25:$A$26),IF(B12<=60,FORECAST(B12,参数说明!$B$26:$B$27,参数说明!$A$26:$A$27),IF(B12<=90,FORECAST(B12,参数说明!$B$27:$B$28,参数说明!$A$27:$A$28),IF(B12<=180,FORECAST(B12,参数说明!$B$28:$B$29,参数说明!$A$28:$A$29),FORECAST(B12,参数说明!$B$29:$B$30,参数说明!$A$29:$A$30))))))) -> 35.434783 | D12: =D11+C12 -> 262.93478 | E12: =IF(D12<'等级-经验对照'!$B$4,0,LOOKUP(D12,'等级-经验对照'!$B$4:$B$103,'等级-经验对照'!$A$4:$A$103)) -> 10 | F12: =IF(OR(B12=1,B12=7,B12=30,B12=60,B12=90,B12=180,B12=365),"D"&B12&" / Lv"&E12&" / "&ROUND(D12,0)&" XP","") | G12: 图表说明 | H12: X 轴使用相对天数 D0-D365，比日期更清楚。
A13: =参数说明!$B$8+9 -> 46206 | B13: 9 | C13: =IF(B13=0,0,IF(B13<=7,FORECAST(B13,参数说明!$B$24:$B$25,参数说明!$A$24:$A$25),IF(B13<=30,FORECAST(B13,参数说明!$B$25:$B$26,参数说明!$A$25:$A$26),IF(B13<=60,FORECAST(B13,参数说明!$B$26:$B$27,参数说明!$A$26:$A$27),IF(B13<=90,FORECAST(B13,参数说明!$B$27:$B$28,参数说明!$A$27:$A$28),IF(B13<=180,FORECAST(B13,参数说明!$B$28:$B$29,参数说明!$A$28:$A$29),FORECAST(B13,参数说明!$B$29:$B$30,参数说明!$A$29:$A$30))))))) -> 35.869565 | D13: =D12+C13 -> 298.80435 | E13: =IF(D13<'等级-经验对照'!$B$4,0,LOOKUP(D13,'等级-经验对照'!$B$4:$B$103,'等级-经验对照'!$A$4:$A$103)) -> 11 | F13: =IF(OR(B13=1,B13=7,B13=30,B13=60,B13=90,B13=180,B13=365),"D"&B13&" / Lv"&E13&" / "&ROUND(D13,0)&" XP","") | G13: 数据源 | H13: 等级线：B/E；累计经验线：B/D；当日 XP 辅助线：B/C。
A14: =参数说明!$B$8+10 -> 46207 | B14: 10 | C14: =IF(B14=0,0,IF(B14<=7,FORECAST(B14,参数说明!$B$24:$B$25,参数说明!$A$24:$A$25),IF(B14<=30,FORECAST(B14,参数说明!$B$25:$B$26,参数说明!$A$25:$A$26),IF(B14<=60,FORECAST(B14,参数说明!$B$26:$B$27,参数说明!$A$26:$A$27),IF(B14<=90,FORECAST(B14,参数说明!$B$27:$B$28,参数说明!$A$27:$A$28),IF(B14<=180,FORECAST(B14,参数说明!$B$28:$B$29,参数说明!$A$28:$A$29),FORECAST(B14,参数说明!$B$29:$B$30,参数说明!$A$29:$A$30))))))) -> 36.304348 | D14: =D13+C14 -> 335.1087 | E14: =IF(D14<'等级-经验对照'!$B$4,0,LOOKUP(D14,'等级-经验对照'!$B$4:$B$103,'等级-经验对照'!$A$4:$A$103)) -> 11 | F14: =IF(OR(B14=1,B14=7,B14=30,B14=60,B14=90,B14=180,B14=365),"D"&B14&" / Lv"&E14&" / "&ROUND(D14,0)&" XP","")
A15: =参数说明!$B$8+11 -> 46208 | B15: 11 | C15: =IF(B15=0,0,IF(B15<=7,FORECAST(B15,参数说明!$B$24:$B$25,参数说明!$A$24:$A$25),IF(B15<=30,FORECAST(B15,参数说明!$B$25:$B$26,参数说明!$A$25:$A$26),IF(B15<=60,FORECAST(B15,参数说明!$B$26:$B$27,参数说明!$A$26:$A$27),IF(B15<=90,FORECAST(B15,参数说明!$B$27:$B$28,参数说明!$A$27:$A$28),IF(B15<=180,FORECAST(B15,参数说明!$B$28:$B$29,参数说明!$A$28:$A$29),FORECAST(B15,参数说明!$B$29:$B$30,参数说明!$A$29:$A$30))))))) -> 36.73913 | D15: =D14+C15 -> 371.84783 | E15: =IF(D15<'等级-经验对照'!$B$4,0,LOOKUP(D15,'等级-经验对照'!$B$4:$B$103,'等级-经验对照'!$A$4:$A$103)) -> 12 | F15: =IF(OR(B15=1,B15=7,B15=30,B15=60,B15=90,B15=180,B15=365),"D"&B15&" / Lv"&E15&" / "&ROUND(D15,0)&" XP","")
A16: =参数说明!$B$8+12 -> 46209 | B16: 12 | C16: =IF(B16=0,0,IF(B16<=7,FORECAST(B16,参数说明!$B$24:$B$25,参数说明!$A$24:$A$25),IF(B16<=30,FORECAST(B16,参数说明!$B$25:$B$26,参数说明!$A$25:$A$26),IF(B16<=60,FORECAST(B16,参数说明!$B$26:$B$27,参数说明!$A$26:$A$27),IF(B16<=90,FORECAST(B16,参数说明!$B$27:$B$28,参数说明!$A$27:$A$28),IF(B16<=180,FORECAST(B16,参数说明!$B$28:$B$29,参数说明!$A$28:$A$29),FORECAST(B16,参数说明!$B$29:$B$30,参数说明!$A$29:$A$30))))))) -> 37.173913 | D16: =D15+C16 -> 409.02174 | E16: =IF(D16<'等级-经验对照'!$B$4,0,LOOKUP(D16,'等级-经验对照'!$B$4:$B$103,'等级-经验对照'!$A$4:$A$103)) -> 12 | F16: =IF(OR(B16=1,B16=7,B16=30,B16=60,B16=90,B16=180,B16=365),"D"&B16&" / Lv"&E16&" / "&ROUND(D16,0)&" XP","")
A17: =参数说明!$B$8+13 -> 46210 | B17: 13 | C17: =IF(B17=0,0,IF(B17<=7,FORECAST(B17,参数说明!$B$24:$B$25,参数说明!$A$24:$A$25),IF(B17<=30,FORECAST(B17,参数说明!$B$25:$B$26,参数说明!$A$25:$A$26),IF(B17<=60,FORECAST(B17,参数说明!$B$26:$B$27,参数说明!$A$26:$A$27),IF(B17<=90,FORECAST(B17,参数说明!$B$27:$B$28,参数说明!$A$27:$A$28),IF(B17<=180,FORECAST(B17,参数说明!$B$28:$B$29,参数说明!$A$28:$A$29),FORECAST(B17,参数说明!$B$29:$B$30,参数说明!$A$29:$A$30))))))) -> 37.608696 | D17: =D16+C17 -> 446.63043 | E17: =IF(D17<'等级-经验对照'!$B$4,0,LOOKUP(D17,'等级-经验对照'!$B$4:$B$103,'等级-经验对照'!$A$4:$A$103)) -> 13 | F17: =IF(OR(B17=1,B17=7,B17=30,B17=60,B17=90,B17=180,B17=365),"D"&B17&" / Lv"&E17&" / "&ROUND(D17,0)&" XP","")
A18: =参数说明!$B$8+14 -> 46211 | B18: 14 | C18: =IF(B18=0,0,IF(B18<=7,FORECAST(B18,参数说明!$B$24:$B$25,参数说明!$A$24:$A$25),IF(B18<=30,FORECAST(B18,参数说明!$B$25:$B$26,参数说明!$A$25:$A$26),IF(B18<=60,FORECAST(B18,参数说明!$B$26:$B$27,参数说明!$A$26:$A$27),IF(B18<=90,FORECAST(B18,参数说明!$B$27:$B$28,参数说明!$A$27:$A$28),IF(B18<=180,FORECAST(B18,参数说明!$B$28:$B$29,参数说明!$A$28:$A$29),FORECAST(B18,参数说明!$B$29:$B$30,参数说明!$A$29:$A$30))))))) -> 38.043478 | D18: =D17+C18 -> 484.67391 | E18: =IF(D18<'等级-经验对照'!$B$4,0,LOOKUP(D18,'等级-经验对照'!$B$4:$B$103,'等级-经验对照'!$A$4:$A$103)) -> 14 | F18: =IF(OR(B18=1,B18=7,B18=30,B18=60,B18=90,B18=180,B18=365),"D"&B18&" / Lv"&E18&" / "&ROUND(D18,0)&" XP","")
A19: =参数说明!$B$8+15 -> 46212 | B19: 15 | C19: =IF(B19=0,0,IF(B19<=7,FORECAST(B19,参数说明!$B$24:$B$25,参数说明!$A$24:$A$25),IF(B19<=30,FORECAST(B19,参数说明!$B$25:$B$26,参数说明!$A$25:$A$26),IF(B19<=60,FORECAST(B19,参数说明!$B$26:$B$27,参数说明!$A$26:$A$27),IF(B19<=90,FORECAST(B19,参数说明!$B$27:$B$28,参数说明!$A$27:$A$28),IF(B19<=180,FORECAST(B19,参数说明!$B$28:$B$29,参数说明!$A$28:$A$29),FORECAST(B19,参数说明!$B$29:$B$30,参数说明!$A$29:$A$30))))))) -> 38.478261 | D19: =D18+C19 -> 523.15217 | E19: =IF(D19<'等级-经验对照'!$B$4,0,LOOKUP(D19,'等级-经验对照'!$B$4:$B$103,'等级-经验对照'!$A$4:$A$103)) -> 14 | F19: =IF(OR(B19=1,B19=7,B19=30,B19=60,B19=90,B19=180,B19=365),"D"&B19&" / Lv"&E19&" / "&ROUND(D19,0)&" XP","")
A20: =参数说明!$B$8+16 -> 46213 | B20: 16 | C20: =IF(B20=0,0,IF(B20<=7,FORECAST(B20,参数说明!$B$24:$B$25,参数说明!$A$24:$A$25),IF(B20<=30,FORECAST(B20,参数说明!$B$25:$B$26,参数说明!$A$25:$A$26),IF(B20<=60,FORECAST(B20,参数说明!$B$26:$B$27,参数说明!$A$26:$A$27),IF(B20<=90,FORECAST(B20,参数说明!$B$27:$B$28,参数说明!$A$27:$A$28),IF(B20<=180,FORECAST(B20,参数说明!$B$28:$B$29,参数说明!$A$28:$A$29),FORECAST(B20,参数说明!$B$29:$B$30,参数说明!$A$29:$A$30))))))) -> 38.913043 | D20: =D19+C20 -> 562.06522 | E20: =IF(D20<'等级-经验对照'!$B$4,0,LOOKUP(D20,'等级-经验对照'!$B$4:$B$103,'等级-经验对照'!$A$4:$A$103)) -> 15 | F20: =IF(OR(B20=1,B20=7,B20=30,B20=60,B20=90,B20=180,B20=365),"D"&B20&" / Lv"&E20&" / "&ROUND(D20,0)&" XP","")
A21: =参数说明!$B$8+17 -> 46214 | B21: 17 | C21: =IF(B21=0,0,IF(B21<=7,FORECAST(B21,参数说明!$B$24:$B$25,参数说明!$A$24:$A$25),IF(B21<=30,FORECAST(B21,参数说明!$B$25:$B$26,参数说明!$A$25:$A$26),IF(B21<=60,FORECAST(B21,参数说明!$B$26:$B$27,参数说明!$A$26:$A$27),IF(B21<=90,FORECAST(B21,参数说明!$B$27:$B$28,参数说明!$A$27:$A$28),IF(B21<=180,FORECAST(B21,参数说明!$B$28:$B$29,参数说明!$A$28:$A$29),FORECAST(B21,参数说明!$B$29:$B$30,参数说明!$A$29:$A$30))))))) -> 39.347826 | D21: =D20+C21 -> 601.41304 | E21: =IF(D21<'等级-经验对照'!$B$4,0,LOOKUP(D21,'等级-经验对照'!$B$4:$B$103,'等级-经验对照'!$A$4:$A$103)) -> 16 | F21: =IF(OR(B21=1,B21=7,B21=30,B21=60,B21=90,B21=180,B21=365),"D"&B21&" / Lv"&E21&" / "&ROUND(D21,0)&" XP","")
A22: =参数说明!$B$8+18 -> 46215 | B22: 18 | C22: =IF(B22=0,0,IF(B22<=7,FORECAST(B22,参数说明!$B$24:$B$25,参数说明!$A$24:$A$25),IF(B22<=30,FORECAST(B22,参数说明!$B$25:$B$26,参数说明!$A$25:$A$26),IF(B22<=60,FORECAST(B22,参数说明!$B$26:$B$27,参数说明!$A$26:$A$27),IF(B22<=90,FORECAST(B22,参数说明!$B$27:$B$28,参数说明!$A$27:$A$28),IF(B22<=180,FORECAST(B22,参数说明!$B$28:$B$29,参数说明!$A$28:$A$29),FORECAST(B22,参数说明!$B$29:$B$30,参数说明!$A$29:$A$30))))))) -> 39.782609 | D22: =D21+C22 -> 641.19565 | E22: =IF(D22<'等级-经验对照'!$B$4,0,LOOKUP(D22,'等级-经验对照'!$B$4:$B$103,'等级-经验对照'!$A$4:$A$103)) -> 16 | F22: =IF(OR(B22=1,B22=7,B22=30,B22=60,B22=90,B22=180,B22=365),"D"&B22&" / Lv"&E22&" / "&ROUND(D22,0)&" XP","")
A23: =参数说明!$B$8+19 -> 46216 | B23: 19 | C23: =IF(B23=0,0,IF(B23<=7,FORECAST(B23,参数说明!$B$24:$B$25,参数说明!$A$24:$A$25),IF(B23<=30,FORECAST(B23,参数说明!$B$25:$B$26,参数说明!$A$25:$A$26),IF(B23<=60,FORECAST(B23,参数说明!$B$26:$B$27,参数说明!$A$26:$A$27),IF(B23<=90,FORECAST(B23,参数说明!$B$27:$B$28,参数说明!$A$27:$A$28),IF(B23<=180,FORECAST(B23,参数说明!$B$28:$B$29,参数说明!$A$28:$A$29),FORECAST(B23,参数说明!$B$29:$B$30,参数说明!$A$29:$A$30))))))) -> 40.217391 | D23: =D22+C23 -> 681.41304 | E23: =IF(D23<'等级-经验对照'!$B$4,0,LOOKUP(D23,'等级-经验对照'!$B$4:$B$103,'等级-经验对照'!$A$4:$A$103)) -> 17 | F23: =IF(OR(B23=1,B23=7,B23=30,B23=60,B23=90,B23=180,B23=365),"D"&B23&" / Lv"&E23&" / "&ROUND(D23,0)&" XP","")
A24: =参数说明!$B$8+20 -> 46217 | B24: 20 | C24: =IF(B24=0,0,IF(B24<=7,FORECAST(B24,参数说明!$B$24:$B$25,参数说明!$A$24:$A$25),IF(B24<=30,FORECAST(B24,参数说明!$B$25:$B$26,参数说明!$A$25:$A$26),IF(B24<=60,FORECAST(B24,参数说明!$B$26:$B$27,参数说明!$A$26:$A$27),IF(B24<=90,FORECAST(B24,参数说明!$B$27:$B$28,参数说明!$A$27:$A$28),IF(B24<=180,FORECAST(B24,参数说明!$B$28:$B$29,参数说明!$A$28:$A$29),FORECAST(B24,参数说明!$B$29:$B$30,参数说明!$A$29:$A$30))))))) -> 40.652174 | D24: =D23+C24 -> 722.06522 | E24: =IF(D24<'等级-经验对照'!$B$4,0,LOOKUP(D24,'等级-经验对照'!$B$4:$B$103,'等级-经验对照'!$A$4:$A$103)) -> 18 | F24: =IF(OR(B24=1,B24=7,B24=30,B24=60,B24=90,B24=180,B24=365),"D"&B24&" / Lv"&E24&" / "&ROUND(D24,0)&" XP","")
A25: =参数说明!$B$8+21 -> 46218 | B25: 21 | C25: =IF(B25=0,0,IF(B25<=7,FORECAST(B25,参数说明!$B$24:$B$25,参数说明!$A$24:$A$25),IF(B25<=30,FORECAST(B25,参数说明!$B$25:$B$26,参数说明!$A$25:$A$26),IF(B25<=60,FORECAST(B25,参数说明!$B$26:$B$27,参数说明!$A$26:$A$27),IF(B25<=90,FORECAST(B25,参数说明!$B$27:$B$28,参数说明!$A$27:$A$28),IF(B25<=180,FORECAST(B25,参数说明!$B$28:$B$29,参数说明!$A$28:$A$29),FORECAST(B25,参数说明!$B$29:$B$30,参数说明!$A$29:$A$30))))))) -> 41.086957 | D25: =D24+C25 -> 763.15217 | E25: =IF(D25<'等级-经验对照'!$B$4,0,LOOKUP(D25,'等级-经验对照'!$B$4:$B$103,'等级-经验对照'!$A$4:$A$103)) -> 18 | F25: =IF(OR(B25=1,B25=7,B25=30,B25=60,B25=90,B25=180,B25=365),"D"&B25&" / Lv"&E25&" / "&ROUND(D25,0)&" XP","")
A26: =参数说明!$B$8+22 -> 46219 | B26: 22 | C26: =IF(B26=0,0,IF(B26<=7,FORECAST(B26,参数说明!$B$24:$B$25,参数说明!$A$24:$A$25),IF(B26<=30,FORECAST(B26,参数说明!$B$25:$B$26,参数说明!$A$25:$A$26),IF(B26<=60,FORECAST(B26,参数说明!$B$26:$B$27,参数说明!$A$26:$A$27),IF(B26<=90,FORECAST(B26,参数说明!$B$27:$B$28,参数说明!$A$27:$A$28),IF(B26<=180,FORECAST(B26,参数说明!$B$28:$B$29,参数说明!$A$28:$A$29),FORECAST(B26,参数说明!$B$29:$B$30,参数说明!$A$29:$A$30))))))) -> 41.521739 | D26: =D25+C26 -> 804.67391 | E26: =IF(D26<'等级-经验对照'!$B$4,0,LOOKUP(D26,'等级-经验对照'!$B$4:$B$103,'等级-经验对照'!$A$4:$A$103)) -> 19 | F26: =IF(OR(B26=1,B26=7,B26=30,B26=60,B26=90,B26=180,B26=365),"D"&B26&" / Lv"&E26&" / "&ROUND(D26,0)&" XP","")
A27: =参数说明!$B$8+23 -> 46220 | B27: 23 | C27: =IF(B27=0,0,IF(B27<=7,FORECAST(B27,参数说明!$B$24:$B$25,参数说明!$A$24:$A$25),IF(B27<=30,FORECAST(B27,参数说明!$B$25:$B$26,参数说明!$A$25:$A$26),IF(B27<=60,FORECAST(B27,参数说明!$B$26:$B$27,参数说明!$A$26:$A$27),IF(B27<=90,FORECAST(B27,参数说明!$B$27:$B$28,参数说明!$A$27:$A$28),IF(B27<=180,FORECAST(B27,参数说明!$B$28:$B$29,参数说明!$A$28:$A$29),FORECAST(B27,参数说明!$B$29:$B$30,参数说明!$A$29:$A$30))))))) -> 41.956522 | D27: =D26+C27 -> 846.63043 | E27: =IF(D27<'等级-经验对照'!$B$4,0,LOOKUP(D27,'等级-经验对照'!$B$4:$B$103,'等级-经验对照'!$A$4:$A$103)) -> 20 | F27: =IF(OR(B27=1,B27=7,B27=30,B27=60,B27=90,B27=180,B27=365),"D"&B27&" / Lv"&E27&" / "&ROUND(D27,0)&" XP","")
A28: =参数说明!$B$8+24 -> 46221 | B28: 24 | C28: =IF(B28=0,0,IF(B28<=7,FORECAST(B28,参数说明!$B$24:$B$25,参数说明!$A$24:$A$25),IF(B28<=30,FORECAST(B28,参数说明!$B$25:$B$26,参数说明!$A$25:$A$26),IF(B28<=60,FORECAST(B28,参数说明!$B$26:$B$27,参数说明!$A$26:$A$27),IF(B28<=90,FORECAST(B28,参数说明!$B$27:$B$28,参数说明!$A$27:$A$28),IF(B28<=180,FORECAST(B28,参数说明!$B$28:$B$29,参数说明!$A$28:$A$29),FORECAST(B28,参数说明!$B$29:$B$30,参数说明!$A$29:$A$30))))))) -> 42.391304 | D28: =D27+C28 -> 889.02174 | E28: =IF(D28<'等级-经验对照'!$B$4,0,LOOKUP(D28,'等级-经验对照'!$B$4:$B$103,'等级-经验对照'!$A$4:$A$103)) -> 20 | F28: =IF(OR(B28=1,B28=7,B28=30,B28=60,B28=90,B28=180,B28=365),"D"&B28&" / Lv"&E28&" / "&ROUND(D28,0)&" XP","")
A29: =参数说明!$B$8+25 -> 46222 | B29: 25 | C29: =IF(B29=0,0,IF(B29<=7,FORECAST(B29,参数说明!$B$24:$B$25,参数说明!$A$24:$A$25),IF(B29<=30,FORECAST(B29,参数说明!$B$25:$B$26,参数说明!$A$25:$A$26),IF(B29<=60,FORECAST(B29,参数说明!$B$26:$B$27,参数说明!$A$26:$A$27),IF(B29<=90,FORECAST(B29,参数说明!$B$27:$B$28,参数说明!$A$27:$A$28),IF(B29<=180,FORECAST(B29,参数说明!$B$28:$B$29,参数说明!$A$28:$A$29),FORECAST(B29,参数说明!$B$29:$B$30,参数说明!$A$29:$A$30))))))) -> 42.826087 | D29: =D28+C29 -> 931.84783 | E29: =IF(D29<'等级-经验对照'!$B$4,0,LOOKUP(D29,'等级-经验对照'!$B$4:$B$103,'等级-经验对照'!$A$4:$A$103)) -> 21 | F29: =IF(OR(B29=1,B29=7,B29=30,B29=60,B29=90,B29=180,B29=365),"D"&B29&" / Lv"&E29&" / "&ROUND(D29,0)&" XP","")
A30: =参数说明!$B$8+26 -> 46223 | B30: 26 | C30: =IF(B30=0,0,IF(B30<=7,FORECAST(B30,参数说明!$B$24:$B$25,参数说明!$A$24:$A$25),IF(B30<=30,FORECAST(B30,参数说明!$B$25:$B$26,参数说明!$A$25:$A$26),IF(B30<=60,FORECAST(B30,参数说明!$B$26:$B$27,参数说明!$A$26:$A$27),IF(B30<=90,FORECAST(B30,参数说明!$B$27:$B$28,参数说明!$A$27:$A$28),IF(B30<=180,FORECAST(B30,参数说明!$B$28:$B$29,参数说明!$A$28:$A$29),FORECAST(B30,参数说明!$B$29:$B$30,参数说明!$A$29:$A$30))))))) -> 43.26087 | D30: =D29+C30 -> 975.1087 | E30: =IF(D30<'等级-经验对照'!$B$4,0,LOOKUP(D30,'等级-经验对照'!$B$4:$B$103,'等级-经验对照'!$A$4:$A$103)) -> 22 | F30: =IF(OR(B30=1,B30=7,B30=30,B30=60,B30=90,B30=180,B30=365),"D"&B30&" / Lv"&E30&" / "&ROUND(D30,0)&" XP","")
A31: =参数说明!$B$8+27 -> 46224 | B31: 27 | C31: =IF(B31=0,0,IF(B31<=7,FORECAST(B31,参数说明!$B$24:$B$25,参数说明!$A$24:$A$25),IF(B31<=30,FORECAST(B31,参数说明!$B$25:$B$26,参数说明!$A$25:$A$26),IF(B31<=60,FORECAST(B31,参数说明!$B$26:$B$27,参数说明!$A$26:$A$27),IF(B31<=90,FORECAST(B31,参数说明!$B$27:$B$28,参数说明!$A$27:$A$28),IF(B31<=180,FORECAST(B31,参数说明!$B$28:$B$29,参数说明!$A$28:$A$29),FORECAST(B31,参数说明!$B$29:$B$30,参数说明!$A$29:$A$30))))))) -> 43.695652 | D31: =D30+C31 -> 1018.8043 | E31: =IF(D31<'等级-经验对照'!$B$4,0,LOOKUP(D31,'等级-经验对照'!$B$4:$B$103,'等级-经验对照'!$A$4:$A$103)) -> 22 | F31: =IF(OR(B31=1,B31=7,B31=30,B31=60,B31=90,B31=180,B31=365),"D"&B31&" / Lv"&E31&" / "&ROUND(D31,0)&" XP","")
A32: =参数说明!$B$8+28 -> 46225 | B32: 28 | C32: =IF(B32=0,0,IF(B32<=7,FORECAST(B32,参数说明!$B$24:$B$25,参数说明!$A$24:$A$25),IF(B32<=30,FORECAST(B32,参数说明!$B$25:$B$26,参数说明!$A$25:$A$26),IF(B32<=60,FORECAST(B32,参数说明!$B$26:$B$27,参数说明!$A$26:$A$27),IF(B32<=90,FORECAST(B32,参数说明!$B$27:$B$28,参数说明!$A$27:$A$28),IF(B32<=180,FORECAST(B32,参数说明!$B$28:$B$29,参数说明!$A$28:$A$29),FORECAST(B32,参数说明!$B$29:$B$30,参数说明!$A$29:$A$30))))))) -> 44.130435 | D32: =D31+C32 -> 1062.9348 | E32: =IF(D32<'等级-经验对照'!$B$4,0,LOOKUP(D32,'等级-经验对照'!$B$4:$B$103,'等级-经验对照'!$A$4:$A$103)) -> 23 | F32: =IF(OR(B32=1,B32=7,B32=30,B32=60,B32=90,B32=180,B32=365),"D"&B32&" / Lv"&E32&" / "&ROUND(D32,0)&" XP","")
A33: =参数说明!$B$8+29 -> 46226 | B33: 29 | C33: =IF(B33=0,0,IF(B33<=7,FORECAST(B33,参数说明!$B$24:$B$25,参数说明!$A$24:$A$25),IF(B33<=30,FORECAST(B33,参数说明!$B$25:$B$26,参数说明!$A$25:$A$26),IF(B33<=60,FORECAST(B33,参数说明!$B$26:$B$27,参数说明!$A$26:$A$27),IF(B33<=90,FORECAST(B33,参数说明!$B$27:$B$28,参数说明!$A$27:$A$28),IF(B33<=180,FORECAST(B33,参数说明!$B$28:$B$29,参数说明!$A$28:$A$29),FORECAST(B33,参数说明!$B$29:$B$30,参数说明!$A$29:$A$30))))))) -> 44.565217 | D33: =D32+C33 -> 1107.5 | E33: =IF(D33<'等级-经验对照'!$B$4,0,LOOKUP(D33,'等级-经验对照'!$B$4:$B$103,'等级-经验对照'!$A$4:$A$103)) -> 24 | F33: =IF(OR(B33=1,B33=7,B33=30,B33=60,B33=90,B33=180,B33=365),"D"&B33&" / Lv"&E33&" / "&ROUND(D33,0)&" XP","")
A34: =参数说明!$B$8+30 -> 46227 | B34: 30 | C34: =IF(B34=0,0,IF(B34<=7,FORECAST(B34,参数说明!$B$24:$B$25,参数说明!$A$24:$A$25),IF(B34<=30,FORECAST(B34,参数说明!$B$25:$B$26,参数说明!$A$25:$A$26),IF(B34<=60,FORECAST(B34,参数说明!$B$26:$B$27,参数说明!$A$26:$A$27),IF(B34<=90,FORECAST(B34,参数说明!$B$27:$B$28,参数说明!$A$27:$A$28),IF(B34<=180,FORECAST(B34,参数说明!$B$28:$B$29,参数说明!$A$28:$A$29),FORECAST(B34,参数说明!$B$29:$B$30,参数说明!$A$29:$A$30))))))) -> 45 | D34: =D33+C34 -> 1152.5 | E34: =IF(D34<'等级-经验对照'!$B$4,0,LOOKUP(D34,'等级-经验对照'!$B$4:$B$103,'等级-经验对照'!$A$4:$A$103)) -> 25 | F34: =IF(OR(B34=1,B34=7,B34=30,B34=60,B34=90,B34=180,B34=365),"D"&B34&" / Lv"&E34&" / "&ROUND(D34,0)&" XP","") -> D30 / Lv25 / 1153 XP
A35: =参数说明!$B$8+31 -> 46228 | B35: 31 | C35: =IF(B35=0,0,IF(B35<=7,FORECAST(B35,参数说明!$B$24:$B$25,参数说明!$A$24:$A$25),IF(B35<=30,FORECAST(B35,参数说明!$B$25:$B$26,参数说明!$A$25:$A$26),IF(B35<=60,FORECAST(B35,参数说明!$B$26:$B$27,参数说明!$A$26:$A$27),IF(B35<=90,FORECAST(B35,参数说明!$B$27:$B$28,参数说明!$A$27:$A$28),IF(B35<=180,FORECAST(B35,参数说明!$B$28:$B$29,参数说明!$A$28:$A$29),FORECAST(B35,参数说明!$B$29:$B$30,参数说明!$A$29:$A$30))))))) -> 45.333333 | D35: =D34+C35 -> 1197.8333 | E35: =IF(D35<'等级-经验对照'!$B$4,0,LOOKUP(D35,'等级-经验对照'!$B$4:$B$103,'等级-经验对照'!$A$4:$A$103)) -> 25 | F35: =IF(OR(B35=1,B35=7,B35=30,B35=60,B35=90,B35=180,B35=365),"D"&B35&" / Lv"&E35&" / "&ROUND(D35,0)&" XP","")
A36: =参数说明!$B$8+32 -> 46229 | B36: 32 | C36: =IF(B36=0,0,IF(B36<=7,FORECAST(B36,参数说明!$B$24:$B$25,参数说明!$A$24:$A$25),IF(B36<=30,FORECAST(B36,参数说明!$B$25:$B$26,参数说明!$A$25:$A$26),IF(B36<=60,FORECAST(B36,参数说明!$B$26:$B$27,参数说明!$A$26:$A$27),IF(B36<=90,FORECAST(B36,参数说明!$B$27:$B$28,参数说明!$A$27:$A$28),IF(B36<=180,FORECAST(B36,参数说明!$B$28:$B$29,参数说明!$A$28:$A$29),FORECAST(B36,参数说明!$B$29:$B$30,参数说明!$A$29:$A$30))))))) -> 45.666667 | D36: =D35+C36 -> 1243.5 | E36: =IF(D36<'等级-经验对照'!$B$4,0,LOOKUP(D36,'等级-经验对照'!$B$4:$B$103,'等级-经验对照'!$A$4:$A$103)) -> 25 | F36: =IF(OR(B36=1,B36=7,B36=30,B36=60,B36=90,B36=180,B36=365),"D"&B36&" / Lv"&E36&" / "&ROUND(D36,0)&" XP","")
A37: =参数说明!$B$8+33 -> 46230 | B37: 33 | C37: =IF(B37=0,0,IF(B37<=7,FORECAST(B37,参数说明!$B$24:$B$25,参数说明!$A$24:$A$25),IF(B37<=30,FORECAST(B37,参数说明!$B$25:$B$26,参数说明!$A$25:$A$26),IF(B37<=60,FORECAST(B37,参数说明!$B$26:$B$27,参数说明!$A$26:$A$27),IF(B37<=90,FORECAST(B37,参数说明!$B$27:$B$28,参数说明!$A$27:$A$28),IF(B37<=180,FORECAST(B37,参数说明!$B$28:$B$29,参数说明!$A$28:$A$29),FORECAST(B37,参数说明!$B$29:$B$30,参数说明!$A$29:$A$30))))))) -> 46 | D37: =D36+C37 -> 1289.5 | E37: =IF(D37<'等级-经验对照'!$B$4,0,LOOKUP(D37,'等级-经验对照'!$B$4:$B$103,'等级-经验对照'!$A$4:$A$103)) -> 26 | F37: =IF(OR(B37=1,B37=7,B37=30,B37=60,B37=90,B37=180,B37=365),"D"&B37&" / Lv"&E37&" / "&ROUND(D37,0)&" XP","")
A38: =参数说明!$B$8+34 -> 46231 | B38: 34 | C38: =IF(B38=0,0,IF(B38<=7,FORECAST(B38,参数说明!$B$24:$B$25,参数说明!$A$24:$A$25),IF(B38<=30,FORECAST(B38,参数说明!$B$25:$B$26,参数说明!$A$25:$A$26),IF(B38<=60,FORECAST(B38,参数说明!$B$26:$B$27,参数说明!$A$26:$A$27),IF(B38<=90,FORECAST(B38,参数说明!$B$27:$B$28,参数说明!$A$27:$A$28),IF(B38<=180,FORECAST(B38,参数说明!$B$28:$B$29,参数说明!$A$28:$A$29),FORECAST(B38,参数说明!$B$29:$B$30,参数说明!$A$29:$A$30))))))) -> 46.333333 | D38: =D37+C38 -> 1335.8333 | E38: =IF(D38<'等级-经验对照'!$B$4,0,LOOKUP(D38,'等级-经验对照'!$B$4:$B$103,'等级-经验对照'!$A$4:$A$103)) -> 26 | F38: =IF(OR(B38=1,B38=7,B38=30,B38=60,B38=90,B38=180,B38=365),"D"&B38&" / Lv"&E38&" / "&ROUND(D38,0)&" XP","")
A39: =参数说明!$B$8+35 -> 46232 | B39: 35 | C39: =IF(B39=0,0,IF(B39<=7,FORECAST(B39,参数说明!$B$24:$B$25,参数说明!$A$24:$A$25),IF(B39<=30,FORECAST(B39,参数说明!$B$25:$B$26,参数说明!$A$25:$A$26),IF(B39<=60,FORECAST(B39,参数说明!$B$26:$B$27,参数说明!$A$26:$A$27),IF(B39<=90,FORECAST(B39,参数说明!$B$27:$B$28,参数说明!$A$27:$A$28),IF(B39<=180,FORECAST(B39,参数说明!$B$28:$B$29,参数说明!$A$28:$A$29),FORECAST(B39,参数说明!$B$29:$B$30,参数说明!$A$29:$A$30))))))) -> 46.666667 | D39: =D38+C39 -> 1382.5 | E39: =IF(D39<'等级-经验对照'!$B$4,0,LOOKUP(D39,'等级-经验对照'!$B$4:$B$103,'等级-经验对照'!$A$4:$A$103)) -> 26 | F39: =IF(OR(B39=1,B39=7,B39=30,B39=60,B39=90,B39=180,B39=365),"D"&B39&" / Lv"&E39&" / "&ROUND(D39,0)&" XP","")
A40: =参数说明!$B$8+36 -> 46233 | B40: 36 | C40: =IF(B40=0,0,IF(B40<=7,FORECAST(B40,参数说明!$B$24:$B$25,参数说明!$A$24:$A$25),IF(B40<=30,FORECAST(B40,参数说明!$B$25:$B$26,参数说明!$A$25:$A$26),IF(B40<=60,FORECAST(B40,参数说明!$B$26:$B$27,参数说明!$A$26:$A$27),IF(B40<=90,FORECAST(B40,参数说明!$B$27:$B$28,参数说明!$A$27:$A$28),IF(B40<=180,FORECAST(B40,参数说明!$B$28:$B$29,参数说明!$A$28:$A$29),FORECAST(B40,参数说明!$B$29:$B$30,参数说明!$A$29:$A$30))))))) -> 47 | D40: =D39+C40 -> 1429.5 | E40: =IF(D40<'等级-经验对照'!$B$4,0,LOOKUP(D40,'等级-经验对照'!$B$4:$B$103,'等级-经验对照'!$A$4:$A$103)) -> 27 | F40: =IF(OR(B40=1,B40=7,B40=30,B40=60,B40=90,B40=180,B40=365),"D"&B40&" / Lv"&E40&" / "&ROUND(D40,0)&" XP","")
A41: =参数说明!$B$8+37 -> 46234 | B41: 37 | C41: =IF(B41=0,0,IF(B41<=7,FORECAST(B41,参数说明!$B$24:$B$25,参数说明!$A$24:$A$25),IF(B41<=30,FORECAST(B41,参数说明!$B$25:$B$26,参数说明!$A$25:$A$26),IF(B41<=60,FORECAST(B41,参数说明!$B$26:$B$27,参数说明!$A$26:$A$27),IF(B41<=90,FORECAST(B41,参数说明!$B$27:$B$28,参数说明!$A$27:$A$28),IF(B41<=180,FORECAST(B41,参数说明!$B$28:$B$29,参数说明!$A$28:$A$29),FORECAST(B41,参数说明!$B$29:$B$30,参数说明!$A$29:$A$30))))))) -> 47.333333 | D41: =D40+C41 -> 1476.8333 | E41: =IF(D41<'等级-经验对照'!$B$4,0,LOOKUP(D41,'等级-经验对照'!$B$4:$B$103,'等级-经验对照'!$A$4:$A$103)) -> 27 | F41: =IF(OR(B41=1,B41=7,B41=30,B41=60,B41=90,B41=180,B41=365),"D"&B41&" / Lv"&E41&" / "&ROUND(D41,0)&" XP","")
A42: =参数说明!$B$8+38 -> 46235 | B42: 38 | C42: =IF(B42=0,0,IF(B42<=7,FORECAST(B42,参数说明!$B$24:$B$25,参数说明!$A$24:$A$25),IF(B42<=30,FORECAST(B42,参数说明!$B$25:$B$26,参数说明!$A$25:$A$26),IF(B42<=60,FORECAST(B42,参数说明!$B$26:$B$27,参数说明!$A$26:$A$27),IF(B42<=90,FORECAST(B42,参数说明!$B$27:$B$28,参数说明!$A$27:$A$28),IF(B42<=180,FORECAST(B42,参数说明!$B$28:$B$29,参数说明!$A$28:$A$29),FORECAST(B42,参数说明!$B$29:$B$30,参数说明!$A$29:$A$30))))))) -> 47.666667 | D42: =D41+C42 -> 1524.5 | E42: =IF(D42<'等级-经验对照'!$B$4,0,LOOKUP(D42,'等级-经验对照'!$B$4:$B$103,'等级-经验对照'!$A$4:$A$103)) -> 27 | F42: =IF(OR(B42=1,B42=7,B42=30,B42=60,B42=90,B42=180,B42=365),"D"&B42&" / Lv"&E42&" / "&ROUND(D42,0)&" XP","")
A43: =参数说明!$B$8+39 -> 46236 | B43: 39 | C43: =IF(B43=0,0,IF(B43<=7,FORECAST(B43,参数说明!$B$24:$B$25,参数说明!$A$24:$A$25),IF(B43<=30,FORECAST(B43,参数说明!$B$25:$B$26,参数说明!$A$25:$A$26),IF(B43<=60,FORECAST(B43,参数说明!$B$26:$B$27,参数说明!$A$26:$A$27),IF(B43<=90,FORECAST(B43,参数说明!$B$27:$B$28,参数说明!$A$27:$A$28),IF(B43<=180,FORECAST(B43,参数说明!$B$28:$B$29,参数说明!$A$28:$A$29),FORECAST(B43,参数说明!$B$29:$B$30,参数说明!$A$29:$A$30))))))) -> 48 | D43: =D42+C43 -> 1572.5 | E43: =IF(D43<'等级-经验对照'!$B$4,0,LOOKUP(D43,'等级-经验对照'!$B$4:$B$103,'等级-经验对照'!$A$4:$A$103)) -> 28 | F43: =IF(OR(B43=1,B43=7,B43=30,B43=60,B43=90,B43=180,B43=365),"D"&B43&" / Lv"&E43&" / "&ROUND(D43,0)&" XP","")
A44: =参数说明!$B$8+40 -> 46237 | B44: 40 | C44: =IF(B44=0,0,IF(B44<=7,FORECAST(B44,参数说明!$B$24:$B$25,参数说明!$A$24:$A$25),IF(B44<=30,FORECAST(B44,参数说明!$B$25:$B$26,参数说明!$A$25:$A$26),IF(B44<=60,FORECAST(B44,参数说明!$B$26:$B$27,参数说明!$A$26:$A$27),IF(B44<=90,FORECAST(B44,参数说明!$B$27:$B$28,参数说明!$A$27:$A$28),IF(B44<=180,FORECAST(B44,参数说明!$B$28:$B$29,参数说明!$A$28:$A$29),FORECAST(B44,参数说明!$B$29:$B$30,参数说明!$A$29:$A$30))))))) -> 48.333333 | D44: =D43+C44 -> 1620.8333 | E44: =IF(D44<'等级-经验对照'!$B$4,0,LOOKUP(D44,'等级-经验对照'!$B$4:$B$103,'等级-经验对照'!$A$4:$A$103)) -> 28 | F44: =IF(OR(B44=1,B44=7,B44=30,B44=60,B44=90,B44=180,B44=365),"D"&B44&" / Lv"&E44&" / "&ROUND(D44,0)&" XP","")
A45: =参数说明!$B$8+41 -> 46238 | B45: 41 | C45: =IF(B45=0,0,IF(B45<=7,FORECAST(B45,参数说明!$B$24:$B$25,参数说明!$A$24:$A$25),IF(B45<=30,FORECAST(B45,参数说明!$B$25:$B$26,参数说明!$A$25:$A$26),IF(B45<=60,FORECAST(B45,参数说明!$B$26:$B$27,参数说明!$A$26:$A$27),IF(B45<=90,FORECAST(B45,参数说明!$B$27:$B$28,参数说明!$A$27:$A$28),IF(B45<=180,FORECAST(B45,参数说明!$B$28:$B$29,参数说明!$A$28:$A$29),FORECAST(B45,参数说明!$B$29:$B$30,参数说明!$A$29:$A$30))))))) -> 48.666667 | D45: =D44+C45 -> 1669.5 | E45: =IF(D45<'等级-经验对照'!$B$4,0,LOOKUP(D45,'等级-经验对照'!$B$4:$B$103,'等级-经验对照'!$A$4:$A$103)) -> 29 | F45: =IF(OR(B45=1,B45=7,B45=30,B45=60,B45=90,B45=180,B45=365),"D"&B45&" / Lv"&E45&" / "&ROUND(D45,0)&" XP","")
A46: =参数说明!$B$8+42 -> 46239 | B46: 42 | C46: =IF(B46=0,0,IF(B46<=7,FORECAST(B46,参数说明!$B$24:$B$25,参数说明!$A$24:$A$25),IF(B46<=30,FORECAST(B46,参数说明!$B$25:$B$26,参数说明!$A$25:$A$26),IF(B46<=60,FORECAST(B46,参数说明!$B$26:$B$27,参数说明!$A$26:$A$27),IF(B46<=90,FORECAST(B46,参数说明!$B$27:$B$28,参数说明!$A$27:$A$28),IF(B46<=180,FORECAST(B46,参数说明!$B$28:$B$29,参数说明!$A$28:$A$29),FORECAST(B46,参数说明!$B$29:$B$30,参数说明!$A$29:$A$30))))))) -> 49 | D46: =D45+C46 -> 1718.5 | E46: =IF(D46<'等级-经验对照'!$B$4,0,LOOKUP(D46,'等级-经验对照'!$B$4:$B$103,'等级-经验对照'!$A$4:$A$103)) -> 29 | F46: =IF(OR(B46=1,B46=7,B46=30,B46=60,B46=90,B46=180,B46=365),"D"&B46&" / Lv"&E46&" / "&ROUND(D46,0)&" XP","")
A47: =参数说明!$B$8+43 -> 46240 | B47: 43 | C47: =IF(B47=0,0,IF(B47<=7,FORECAST(B47,参数说明!$B$24:$B$25,参数说明!$A$24:$A$25),IF(B47<=30,FORECAST(B47,参数说明!$B$25:$B$26,参数说明!$A$25:$A$26),IF(B47<=60,FORECAST(B47,参数说明!$B$26:$B$27,参数说明!$A$26:$A$27),IF(B47<=90,FORECAST(B47,参数说明!$B$27:$B$28,参数说明!$A$27:$A$28),IF(B47<=180,FORECAST(B47,参数说明!$B$28:$B$29,参数说明!$A$28:$A$29),FORECAST(B47,参数说明!$B$29:$B$30,参数说明!$A$29:$A$30))))))) -> 49.333333 | D47: =D46+C47 -> 1767.8333 | E47: =IF(D47<'等级-经验对照'!$B$4,0,LOOKUP(D47,'等级-经验对照'!$B$4:$B$103,'等级-经验对照'!$A$4:$A$103)) -> 29 | F47: =IF(OR(B47=1,B47=7,B47=30,B47=60,B47=90,B47=180,B47=365),"D"&B47&" / Lv"&E47&" / "&ROUND(D47,0)&" XP","")
A48: =参数说明!$B$8+44 -> 46241 | B48: 44 | C48: =IF(B48=0,0,IF(B48<=7,FORECAST(B48,参数说明!$B$24:$B$25,参数说明!$A$24:$A$25),IF(B48<=30,FORECAST(B48,参数说明!$B$25:$B$26,参数说明!$A$25:$A$26),IF(B48<=60,FORECAST(B48,参数说明!$B$26:$B$27,参数说明!$A$26:$A$27),IF(B48<=90,FORECAST(B48,参数说明!$B$27:$B$28,参数说明!$A$27:$A$28),IF(B48<=180,FORECAST(B48,参数说明!$B$28:$B$29,参数说明!$A$28:$A$29),FORECAST(B48,参数说明!$B$29:$B$30,参数说明!$A$29:$A$30))))))) -> 49.666667 | D48: =D47+C48 -> 1817.5 | E48: =IF(D48<'等级-经验对照'!$B$4,0,LOOKUP(D48,'等级-经验对照'!$B$4:$B$103,'等级-经验对照'!$A$4:$A$103)) -> 30 | F48: =IF(OR(B48=1,B48=7,B48=30,B48=60,B48=90,B48=180,B48=365),"D"&B48&" / Lv"&E48&" / "&ROUND(D48,0)&" XP","")
A49: =参数说明!$B$8+45 -> 46242 | B49: 45 | C49: =IF(B49=0,0,IF(B49<=7,FORECAST(B49,参数说明!$B$24:$B$25,参数说明!$A$24:$A$25),IF(B49<=30,FORECAST(B49,参数说明!$B$25:$B$26,参数说明!$A$25:$A$26),IF(B49<=60,FORECAST(B49,参数说明!$B$26:$B$27,参数说明!$A$26:$A$27),IF(B49<=90,FORECAST(B49,参数说明!$B$27:$B$28,参数说明!$A$27:$A$28),IF(B49<=180,FORECAST(B49,参数说明!$B$28:$B$29,参数说明!$A$28:$A$29),FORECAST(B49,参数说明!$B$29:$B$30,参数说明!$A$29:$A$30))))))) -> 50 | D49: =D48+C49 -> 1867.5 | E49: =IF(D49<'等级-经验对照'!$B$4,0,LOOKUP(D49,'等级-经验对照'!$B$4:$B$103,'等级-经验对照'!$A$4:$A$103)) -> 30 | F49: =IF(OR(B49=1,B49=7,B49=30,B49=60,B49=90,B49=180,B49=365),"D"&B49&" / Lv"&E49&" / "&ROUND(D49,0)&" XP","")
A50: =参数说明!$B$8+46 -> 46243 | B50: 46 | C50: =IF(B50=0,0,IF(B50<=7,FORECAST(B50,参数说明!$B$24:$B$25,参数说明!$A$24:$A$25),IF(B50<=30,FORECAST(B50,参数说明!$B$25:$B$26,参数说明!$A$25:$A$26),IF(B50<=60,FORECAST(B50,参数说明!$B$26:$B$27,参数说明!$A$26:$A$27),IF(B50<=90,FORECAST(B50,参数说明!$B$27:$B$28,参数说明!$A$27:$A$28),IF(B50<=180,FORECAST(B50,参数说明!$B$28:$B$29,参数说明!$A$28:$A$29),FORECAST(B50,参数说明!$B$29:$B$30,参数说明!$A$29:$A$30))))))) -> 50.333333 | D50: =D49+C50 -> 1917.8333 | E50: =IF(D50<'等级-经验对照'!$B$4,0,LOOKUP(D50,'等级-经验对照'!$B$4:$B$103,'等级-经验对照'!$A$4:$A$103)) -> 31 | F50: =IF(OR(B50=1,B50=7,B50=30,B50=60,B50=90,B50=180,B50=365),"D"&B50&" / Lv"&E50&" / "&ROUND(D50,0)&" XP","")
A51: =参数说明!$B$8+47 -> 46244 | B51: 47 | C51: =IF(B51=0,0,IF(B51<=7,FORECAST(B51,参数说明!$B$24:$B$25,参数说明!$A$24:$A$25),IF(B51<=30,FORECAST(B51,参数说明!$B$25:$B$26,参数说明!$A$25:$A$26),IF(B51<=60,FORECAST(B51,参数说明!$B$26:$B$27,参数说明!$A$26:$A$27),IF(B51<=90,FORECAST(B51,参数说明!$B$27:$B$28,参数说明!$A$27:$A$28),IF(B51<=180,FORECAST(B51,参数说明!$B$28:$B$29,参数说明!$A$28:$A$29),FORECAST(B51,参数说明!$B$29:$B$30,参数说明!$A$29:$A$30))))))) -> 50.666667 | D51: =D50+C51 -> 1968.5 | E51: =IF(D51<'等级-经验对照'!$B$4,0,LOOKUP(D51,'等级-经验对照'!$B$4:$B$103,'等级-经验对照'!$A$4:$A$103)) -> 31 | F51: =IF(OR(B51=1,B51=7,B51=30,B51=60,B51=90,B51=180,B51=365),"D"&B51&" / Lv"&E51&" / "&ROUND(D51,0)&" XP","")
A52: =参数说明!$B$8+48 -> 46245 | B52: 48 | C52: =IF(B52=0,0,IF(B52<=7,FORECAST(B52,参数说明!$B$24:$B$25,参数说明!$A$24:$A$25),IF(B52<=30,FORECAST(B52,参数说明!$B$25:$B$26,参数说明!$A$25:$A$26),IF(B52<=60,FORECAST(B52,参数说明!$B$26:$B$27,参数说明!$A$26:$A$27),IF(B52<=90,FORECAST(B52,参数说明!$B$27:$B$28,参数说明!$A$27:$A$28),IF(B52<=180,FORECAST(B52,参数说明!$B$28:$B$29,参数说明!$A$28:$A$29),FORECAST(B52,参数说明!$B$29:$B$30,参数说明!$A$29:$A$30))))))) -> 51 | D52: =D51+C52 -> 2019.5 | E52: =IF(D52<'等级-经验对照'!$B$4,0,LOOKUP(D52,'等级-经验对照'!$B$4:$B$103,'等级-经验对照'!$A$4:$A$103)) -> 31 | F52: =IF(OR(B52=1,B52=7,B52=30,B52=60,B52=90,B52=180,B52=365),"D"&B52&" / Lv"&E52&" / "&ROUND(D52,0)&" XP","")
A53: =参数说明!$B$8+49 -> 46246 | B53: 49 | C53: =IF(B53=0,0,IF(B53<=7,FORECAST(B53,参数说明!$B$24:$B$25,参数说明!$A$24:$A$25),IF(B53<=30,FORECAST(B53,参数说明!$B$25:$B$26,参数说明!$A$25:$A$26),IF(B53<=60,FORECAST(B53,参数说明!$B$26:$B$27,参数说明!$A$26:$A$27),IF(B53<=90,FORECAST(B53,参数说明!$B$27:$B$28,参数说明!$A$27:$A$28),IF(B53<=180,FORECAST(B53,参数说明!$B$28:$B$29,参数说明!$A$28:$A$29),FORECAST(B53,参数说明!$B$29:$B$30,参数说明!$A$29:$A$30))))))) -> 51.333333 | D53: =D52+C53 -> 2070.8333 | E53: =IF(D53<'等级-经验对照'!$B$4,0,LOOKUP(D53,'等级-经验对照'!$B$4:$B$103,'等级-经验对照'!$A$4:$A$103)) -> 32 | F53: =IF(OR(B53=1,B53=7,B53=30,B53=60,B53=90,B53=180,B53=365),"D"&B53&" / Lv"&E53&" / "&ROUND(D53,0)&" XP","")
A54: =参数说明!$B$8+50 -> 46247 | B54: 50 | C54: =IF(B54=0,0,IF(B54<=7,FORECAST(B54,参数说明!$B$24:$B$25,参数说明!$A$24:$A$25),IF(B54<=30,FORECAST(B54,参数说明!$B$25:$B$26,参数说明!$A$25:$A$26),IF(B54<=60,FORECAST(B54,参数说明!$B$26:$B$27,参数说明!$A$26:$A$27),IF(B54<=90,FORECAST(B54,参数说明!$B$27:$B$28,参数说明!$A$27:$A$28),IF(B54<=180,FORECAST(B54,参数说明!$B$28:$B$29,参数说明!$A$28:$A$29),FORECAST(B54,参数说明!$B$29:$B$30,参数说明!$A$29:$A$30))))))) -> 51.666667 | D54: =D53+C54 -> 2122.5 | E54: =IF(D54<'等级-经验对照'!$B$4,0,LOOKUP(D54,'等级-经验对照'!$B$4:$B$103,'等级-经验对照'!$A$4:$A$103)) -> 32 | F54: =IF(OR(B54=1,B54=7,B54=30,B54=60,B54=90,B54=180,B54=365),"D"&B54&" / Lv"&E54&" / "&ROUND(D54,0)&" XP","")
A55: =参数说明!$B$8+51 -> 46248 | B55: 51 | C55: =IF(B55=0,0,IF(B55<=7,FORECAST(B55,参数说明!$B$24:$B$25,参数说明!$A$24:$A$25),IF(B55<=30,FORECAST(B55,参数说明!$B$25:$B$26,参数说明!$A$25:$A$26),IF(B55<=60,FORECAST(B55,参数说明!$B$26:$B$27,参数说明!$A$26:$A$27),IF(B55<=90,FORECAST(B55,参数说明!$B$27:$B$28,参数说明!$A$27:$A$28),IF(B55<=180,FORECAST(B55,参数说明!$B$28:$B$29,参数说明!$A$28:$A$29),FORECAST(B55,参数说明!$B$29:$B$30,参数说明!$A$29:$A$30))))))) -> 52 | D55: =D54+C55 -> 2174.5 | E55: =IF(D55<'等级-经验对照'!$B$4,0,LOOKUP(D55,'等级-经验对照'!$B$4:$B$103,'等级-经验对照'!$A$4:$A$103)) -> 33 | F55: =IF(OR(B55=1,B55=7,B55=30,B55=60,B55=90,B55=180,B55=365),"D"&B55&" / Lv"&E55&" / "&ROUND(D55,0)&" XP","")
A56: =参数说明!$B$8+52 -> 46249 | B56: 52 | C56: =IF(B56=0,0,IF(B56<=7,FORECAST(B56,参数说明!$B$24:$B$25,参数说明!$A$24:$A$25),IF(B56<=30,FORECAST(B56,参数说明!$B$25:$B$26,参数说明!$A$25:$A$26),IF(B56<=60,FORECAST(B56,参数说明!$B$26:$B$27,参数说明!$A$26:$A$27),IF(B56<=90,FORECAST(B56,参数说明!$B$27:$B$28,参数说明!$A$27:$A$28),IF(B56<=180,FORECAST(B56,参数说明!$B$28:$B$29,参数说明!$A$28:$A$29),FORECAST(B56,参数说明!$B$29:$B$30,参数说明!$A$29:$A$30))))))) -> 52.333333 | D56: =D55+C56 -> 2226.8333 | E56: =IF(D56<'等级-经验对照'!$B$4,0,LOOKUP(D56,'等级-经验对照'!$B$4:$B$103,'等级-经验对照'!$A$4:$A$103)) -> 33 | F56: =IF(OR(B56=1,B56=7,B56=30,B56=60,B56=90,B56=180,B56=365),"D"&B56&" / Lv"&E56&" / "&ROUND(D56,0)&" XP","")
A57: =参数说明!$B$8+53 -> 46250 | B57: 53 | C57: =IF(B57=0,0,IF(B57<=7,FORECAST(B57,参数说明!$B$24:$B$25,参数说明!$A$24:$A$25),IF(B57<=30,FORECAST(B57,参数说明!$B$25:$B$26,参数说明!$A$25:$A$26),IF(B57<=60,FORECAST(B57,参数说明!$B$26:$B$27,参数说明!$A$26:$A$27),IF(B57<=90,FORECAST(B57,参数说明!$B$27:$B$28,参数说明!$A$27:$A$28),IF(B57<=180,FORECAST(B57,参数说明!$B$28:$B$29,参数说明!$A$28:$A$29),FORECAST(B57,参数说明!$B$29:$B$30,参数说明!$A$29:$A$30))))))) -> 52.666667 | D57: =D56+C57 -> 2279.5 | E57: =IF(D57<'等级-经验对照'!$B$4,0,LOOKUP(D57,'等级-经验对照'!$B$4:$B$103,'等级-经验对照'!$A$4:$A$103)) -> 34 | F57: =IF(OR(B57=1,B57=7,B57=30,B57=60,B57=90,B57=180,B57=365),"D"&B57&" / Lv"&E57&" / "&ROUND(D57,0)&" XP","")
A58: =参数说明!$B$8+54 -> 46251 | B58: 54 | C58: =IF(B58=0,0,IF(B58<=7,FORECAST(B58,参数说明!$B$24:$B$25,参数说明!$A$24:$A$25),IF(B58<=30,FORECAST(B58,参数说明!$B$25:$B$26,参数说明!$A$25:$A$26),IF(B58<=60,FORECAST(B58,参数说明!$B$26:$B$27,参数说明!$A$26:$A$27),IF(B58<=90,FORECAST(B58,参数说明!$B$27:$B$28,参数说明!$A$27:$A$28),IF(B58<=180,FORECAST(B58,参数说明!$B$28:$B$29,参数说明!$A$28:$A$29),FORECAST(B58,参数说明!$B$29:$B$30,参数说明!$A$29:$A$30))))))) -> 53 | D58: =D57+C58 -> 2332.5 | E58: =IF(D58<'等级-经验对照'!$B$4,0,LOOKUP(D58,'等级-经验对照'!$B$4:$B$103,'等级-经验对照'!$A$4:$A$103)) -> 34 | F58: =IF(OR(B58=1,B58=7,B58=30,B58=60,B58=90,B58=180,B58=365),"D"&B58&" / Lv"&E58&" / "&ROUND(D58,0)&" XP","")
A59: =参数说明!$B$8+55 -> 46252 | B59: 55 | C59: =IF(B59=0,0,IF(B59<=7,FORECAST(B59,参数说明!$B$24:$B$25,参数说明!$A$24:$A$25),IF(B59<=30,FORECAST(B59,参数说明!$B$25:$B$26,参数说明!$A$25:$A$26),IF(B59<=60,FORECAST(B59,参数说明!$B$26:$B$27,参数说明!$A$26:$A$27),IF(B59<=90,FORECAST(B59,参数说明!$B$27:$B$28,参数说明!$A$27:$A$28),IF(B59<=180,FORECAST(B59,参数说明!$B$28:$B$29,参数说明!$A$28:$A$29),FORECAST(B59,参数说明!$B$29:$B$30,参数说明!$A$29:$A$30))))))) -> 53.333333 | D59: =D58+C59 -> 2385.8333 | E59: =IF(D59<'等级-经验对照'!$B$4,0,LOOKUP(D59,'等级-经验对照'!$B$4:$B$103,'等级-经验对照'!$A$4:$A$103)) -> 34 | F59: =IF(OR(B59=1,B59=7,B59=30,B59=60,B59=90,B59=180,B59=365),"D"&B59&" / Lv"&E59&" / "&ROUND(D59,0)&" XP","")
A60: =参数说明!$B$8+56 -> 46253 | B60: 56 | C60: =IF(B60=0,0,IF(B60<=7,FORECAST(B60,参数说明!$B$24:$B$25,参数说明!$A$24:$A$25),IF(B60<=30,FORECAST(B60,参数说明!$B$25:$B$26,参数说明!$A$25:$A$26),IF(B60<=60,FORECAST(B60,参数说明!$B$26:$B$27,参数说明!$A$26:$A$27),IF(B60<=90,FORECAST(B60,参数说明!$B$27:$B$28,参数说明!$A$27:$A$28),IF(B60<=180,FORECAST(B60,参数说明!$B$28:$B$29,参数说明!$A$28:$A$29),FORECAST(B60,参数说明!$B$29:$B$30,参数说明!$A$29:$A$30))))))) -> 53.666667 | D60: =D59+C60 -> 2439.5 | E60: =IF(D60<'等级-经验对照'!$B$4,0,LOOKUP(D60,'等级-经验对照'!$B$4:$B$103,'等级-经验对照'!$A$4:$A$103)) -> 35 | F60: =IF(OR(B60=1,B60=7,B60=30,B60=60,B60=90,B60=180,B60=365),"D"&B60&" / Lv"&E60&" / "&ROUND(D60,0)&" XP","")
A61: =参数说明!$B$8+57 -> 46254 | B61: 57 | C61: =IF(B61=0,0,IF(B61<=7,FORECAST(B61,参数说明!$B$24:$B$25,参数说明!$A$24:$A$25),IF(B61<=30,FORECAST(B61,参数说明!$B$25:$B$26,参数说明!$A$25:$A$26),IF(B61<=60,FORECAST(B61,参数说明!$B$26:$B$27,参数说明!$A$26:$A$27),IF(B61<=90,FORECAST(B61,参数说明!$B$27:$B$28,参数说明!$A$27:$A$28),IF(B61<=180,FORECAST(B61,参数说明!$B$28:$B$29,参数说明!$A$28:$A$29),FORECAST(B61,参数说明!$B$29:$B$30,参数说明!$A$29:$A$30))))))) -> 54 | D61: =D60+C61 -> 2493.5 | E61: =IF(D61<'等级-经验对照'!$B$4,0,LOOKUP(D61,'等级-经验对照'!$B$4:$B$103,'等级-经验对照'!$A$4:$A$103)) -> 35 | F61: =IF(OR(B61=1,B61=7,B61=30,B61=60,B61=90,B61=180,B61=365),"D"&B61&" / Lv"&E61&" / "&ROUND(D61,0)&" XP","")
A62: =参数说明!$B$8+58 -> 46255 | B62: 58 | C62: =IF(B62=0,0,IF(B62<=7,FORECAST(B62,参数说明!$B$24:$B$25,参数说明!$A$24:$A$25),IF(B62<=30,FORECAST(B62,参数说明!$B$25:$B$26,参数说明!$A$25:$A$26),IF(B62<=60,FORECAST(B62,参数说明!$B$26:$B$27,参数说明!$A$26:$A$27),IF(B62<=90,FORECAST(B62,参数说明!$B$27:$B$28,参数说明!$A$27:$A$28),IF(B62<=180,FORECAST(B62,参数说明!$B$28:$B$29,参数说明!$A$28:$A$29),FORECAST(B62,参数说明!$B$29:$B$30,参数说明!$A$29:$A$30))))))) -> 54.333333 | D62: =D61+C62 -> 2547.8333 | E62: =IF(D62<'等级-经验对照'!$B$4,0,LOOKUP(D62,'等级-经验对照'!$B$4:$B$103,'等级-经验对照'!$A$4:$A$103)) -> 36 | F62: =IF(OR(B62=1,B62=7,B62=30,B62=60,B62=90,B62=180,B62=365),"D"&B62&" / Lv"&E62&" / "&ROUND(D62,0)&" XP","")
A63: =参数说明!$B$8+59 -> 46256 | B63: 59 | C63: =IF(B63=0,0,IF(B63<=7,FORECAST(B63,参数说明!$B$24:$B$25,参数说明!$A$24:$A$25),IF(B63<=30,FORECAST(B63,参数说明!$B$25:$B$26,参数说明!$A$25:$A$26),IF(B63<=60,FORECAST(B63,参数说明!$B$26:$B$27,参数说明!$A$26:$A$27),IF(B63<=90,FORECAST(B63,参数说明!$B$27:$B$28,参数说明!$A$27:$A$28),IF(B63<=180,FORECAST(B63,参数说明!$B$28:$B$29,参数说明!$A$28:$A$29),FORECAST(B63,参数说明!$B$29:$B$30,参数说明!$A$29:$A$30))))))) -> 54.666667 | D63: =D62+C63 -> 2602.5 | E63: =IF(D63<'等级-经验对照'!$B$4,0,LOOKUP(D63,'等级-经验对照'!$B$4:$B$103,'等级-经验对照'!$A$4:$A$103)) -> 36 | F63: =IF(OR(B63=1,B63=7,B63=30,B63=60,B63=90,B63=180,B63=365),"D"&B63&" / Lv"&E63&" / "&ROUND(D63,0)&" XP","")
A64: =参数说明!$B$8+60 -> 46257 | B64: 60 | C64: =IF(B64=0,0,IF(B64<=7,FORECAST(B64,参数说明!$B$24:$B$25,参数说明!$A$24:$A$25),IF(B64<=30,FORECAST(B64,参数说明!$B$25:$B$26,参数说明!$A$25:$A$26),IF(B64<=60,FORECAST(B64,参数说明!$B$26:$B$27,参数说明!$A$26:$A$27),IF(B64<=90,FORECAST(B64,参数说明!$B$27:$B$28,参数说明!$A$27:$A$28),IF(B64<=180,FORECAST(B64,参数说明!$B$28:$B$29,参数说明!$A$28:$A$29),FORECAST(B64,参数说明!$B$29:$B$30,参数说明!$A$29:$A$30))))))) -> 55 | D64: =D63+C64 -> 2657.5 | E64: =IF(D64<'等级-经验对照'!$B$4,0,LOOKUP(D64,'等级-经验对照'!$B$4:$B$103,'等级-经验对照'!$A$4:$A$103)) -> 37 | F64: =IF(OR(B64=1,B64=7,B64=30,B64=60,B64=90,B64=180,B64=365),"D"&B64&" / Lv"&E64&" / "&ROUND(D64,0)&" XP","") -> D60 / Lv37 / 2658 XP
A65: =参数说明!$B$8+61 -> 46258 | B65: 61 | C65: =IF(B65=0,0,IF(B65<=7,FORECAST(B65,参数说明!$B$24:$B$25,参数说明!$A$24:$A$25),IF(B65<=30,FORECAST(B65,参数说明!$B$25:$B$26,参数说明!$A$25:$A$26),IF(B65<=60,FORECAST(B65,参数说明!$B$26:$B$27,参数说明!$A$26:$A$27),IF(B65<=90,FORECAST(B65,参数说明!$B$27:$B$28,参数说明!$A$27:$A$28),IF(B65<=180,FORECAST(B65,参数说明!$B$28:$B$29,参数说明!$A$28:$A$29),FORECAST(B65,参数说明!$B$29:$B$30,参数说明!$A$29:$A$30))))))) -> 55.333333 | D65: =D64+C65 -> 2712.8333 | E65: =IF(D65<'等级-经验对照'!$B$4,0,LOOKUP(D65,'等级-经验对照'!$B$4:$B$103,'等级-经验对照'!$A$4:$A$103)) -> 37 | F65: =IF(OR(B65=1,B65=7,B65=30,B65=60,B65=90,B65=180,B65=365),"D"&B65&" / Lv"&E65&" / "&ROUND(D65,0)&" XP","")
A66: =参数说明!$B$8+62 -> 46259 | B66: 62 | C66: =IF(B66=0,0,IF(B66<=7,FORECAST(B66,参数说明!$B$24:$B$25,参数说明!$A$24:$A$25),IF(B66<=30,FORECAST(B66,参数说明!$B$25:$B$26,参数说明!$A$25:$A$26),IF(B66<=60,FORECAST(B66,参数说明!$B$26:$B$27,参数说明!$A$26:$A$27),IF(B66<=90,FORECAST(B66,参数说明!$B$27:$B$28,参数说明!$A$27:$A$28),IF(B66<=180,FORECAST(B66,参数说明!$B$28:$B$29,参数说明!$A$28:$A$29),FORECAST(B66,参数说明!$B$29:$B$30,参数说明!$A$29:$A$30))))))) -> 55.666667 | D66: =D65+C66 -> 2768.5 | E66: =IF(D66<'等级-经验对照'!$B$4,0,LOOKUP(D66,'等级-经验对照'!$B$4:$B$103,'等级-经验对照'!$A$4:$A$103)) -> 37 | F66: =IF(OR(B66=1,B66=7,B66=30,B66=60,B66=90,B66=180,B66=365),"D"&B66&" / Lv"&E66&" / "&ROUND(D66,0)&" XP","")
A67: =参数说明!$B$8+63 -> 46260 | B67: 63 | C67: =IF(B67=0,0,IF(B67<=7,FORECAST(B67,参数说明!$B$24:$B$25,参数说明!$A$24:$A$25),IF(B67<=30,FORECAST(B67,参数说明!$B$25:$B$26,参数说明!$A$25:$A$26),IF(B67<=60,FORECAST(B67,参数说明!$B$26:$B$27,参数说明!$A$26:$A$27),IF(B67<=90,FORECAST(B67,参数说明!$B$27:$B$28,参数说明!$A$27:$A$28),IF(B67<=180,FORECAST(B67,参数说明!$B$28:$B$29,参数说明!$A$28:$A$29),FORECAST(B67,参数说明!$B$29:$B$30,参数说明!$A$29:$A$30))))))) -> 56 | D67: =D66+C67 -> 2824.5 | E67: =IF(D67<'等级-经验对照'!$B$4,0,LOOKUP(D67,'等级-经验对照'!$B$4:$B$103,'等级-经验对照'!$A$4:$A$103)) -> 37 | F67: =IF(OR(B67=1,B67=7,B67=30,B67=60,B67=90,B67=180,B67=365),"D"&B67&" / Lv"&E67&" / "&ROUND(D67,0)&" XP","")
A68: =参数说明!$B$8+64 -> 46261 | B68: 64 | C68: =IF(B68=0,0,IF(B68<=7,FORECAST(B68,参数说明!$B$24:$B$25,参数说明!$A$24:$A$25),IF(B68<=30,FORECAST(B68,参数说明!$B$25:$B$26,参数说明!$A$25:$A$26),IF(B68<=60,FORECAST(B68,参数说明!$B$26:$B$27,参数说明!$A$26:$A$27),IF(B68<=90,FORECAST(B68,参数说明!$B$27:$B$28,参数说明!$A$27:$A$28),IF(B68<=180,FORECAST(B68,参数说明!$B$28:$B$29,参数说明!$A$28:$A$29),FORECAST(B68,参数说明!$B$29:$B$30,参数说明!$A$29:$A$30))))))) -> 56.333333 | D68: =D67+C68 -> 2880.8333 | E68: =IF(D68<'等级-经验对照'!$B$4,0,LOOKUP(D68,'等级-经验对照'!$B$4:$B$103,'等级-经验对照'!$A$4:$A$103)) -> 38 | F68: =IF(OR(B68=1,B68=7,B68=30,B68=60,B68=90,B68=180,B68=365),"D"&B68&" / Lv"&E68&" / "&ROUND(D68,0)&" XP","")
A69: =参数说明!$B$8+65 -> 46262 | B69: 65 | C69: =IF(B69=0,0,IF(B69<=7,FORECAST(B69,参数说明!$B$24:$B$25,参数说明!$A$24:$A$25),IF(B69<=30,FORECAST(B69,参数说明!$B$25:$B$26,参数说明!$A$25:$A$26),IF(B69<=60,FORECAST(B69,参数说明!$B$26:$B$27,参数说明!$A$26:$A$27),IF(B69<=90,FORECAST(B69,参数说明!$B$27:$B$28,参数说明!$A$27:$A$28),IF(B69<=180,FORECAST(B69,参数说明!$B$28:$B$29,参数说明!$A$28:$A$29),FORECAST(B69,参数说明!$B$29:$B$30,参数说明!$A$29:$A$30))))))) -> 56.666667 | D69: =D68+C69 -> 2937.5 | E69: =IF(D69<'等级-经验对照'!$B$4,0,LOOKUP(D69,'等级-经验对照'!$B$4:$B$103,'等级-经验对照'!$A$4:$A$103)) -> 38 | F69: =IF(OR(B69=1,B69=7,B69=30,B69=60,B69=90,B69=180,B69=365),"D"&B69&" / Lv"&E69&" / "&ROUND(D69,0)&" XP","")
A70: =参数说明!$B$8+66 -> 46263 | B70: 66 | C70: =IF(B70=0,0,IF(B70<=7,FORECAST(B70,参数说明!$B$24:$B$25,参数说明!$A$24:$A$25),IF(B70<=30,FORECAST(B70,参数说明!$B$25:$B$26,参数说明!$A$25:$A$26),IF(B70<=60,FORECAST(B70,参数说明!$B$26:$B$27,参数说明!$A$26:$A$27),IF(B70<=90,FORECAST(B70,参数说明!$B$27:$B$28,参数说明!$A$27:$A$28),IF(B70<=180,FORECAST(B70,参数说明!$B$28:$B$29,参数说明!$A$28:$A$29),FORECAST(B70,参数说明!$B$29:$B$30,参数说明!$A$29:$A$30))))))) -> 57 | D70: =D69+C70 -> 2994.5 | E70: =IF(D70<'等级-经验对照'!$B$4,0,LOOKUP(D70,'等级-经验对照'!$B$4:$B$103,'等级-经验对照'!$A$4:$A$103)) -> 38 | F70: =IF(OR(B70=1,B70=7,B70=30,B70=60,B70=90,B70=180,B70=365),"D"&B70&" / Lv"&E70&" / "&ROUND(D70,0)&" XP","")
A71: =参数说明!$B$8+67 -> 46264 | B71: 67 | C71: =IF(B71=0,0,IF(B71<=7,FORECAST(B71,参数说明!$B$24:$B$25,参数说明!$A$24:$A$25),IF(B71<=30,FORECAST(B71,参数说明!$B$25:$B$26,参数说明!$A$25:$A$26),IF(B71<=60,FORECAST(B71,参数说明!$B$26:$B$27,参数说明!$A$26:$A$27),IF(B71<=90,FORECAST(B71,参数说明!$B$27:$B$28,参数说明!$A$27:$A$28),IF(B71<=180,FORECAST(B71,参数说明!$B$28:$B$29,参数说明!$A$28:$A$29),FORECAST(B71,参数说明!$B$29:$B$30,参数说明!$A$29:$A$30))))))) -> 57.333333 | D71: =D70+C71 -> 3051.8333 | E71: =IF(D71<'等级-经验对照'!$B$4,0,LOOKUP(D71,'等级-经验对照'!$B$4:$B$103,'等级-经验对照'!$A$4:$A$103)) -> 38 | F71: =IF(OR(B71=1,B71=7,B71=30,B71=60,B71=90,B71=180,B71=365),"D"&B71&" / Lv"&E71&" / "&ROUND(D71,0)&" XP","")
A72: =参数说明!$B$8+68 -> 46265 | B72: 68 | C72: =IF(B72=0,0,IF(B72<=7,FORECAST(B72,参数说明!$B$24:$B$25,参数说明!$A$24:$A$25),IF(B72<=30,FORECAST(B72,参数说明!$B$25:$B$26,参数说明!$A$25:$A$26),IF(B72<=60,FORECAST(B72,参数说明!$B$26:$B$27,参数说明!$A$26:$A$27),IF(B72<=90,FORECAST(B72,参数说明!$B$27:$B$28,参数说明!$A$27:$A$28),IF(B72<=180,FORECAST(B72,参数说明!$B$28:$B$29,参数说明!$A$28:$A$29),FORECAST(B72,参数说明!$B$29:$B$30,参数说明!$A$29:$A$30))))))) -> 57.666667 | D72: =D71+C72 -> 3109.5 | E72: =IF(D72<'等级-经验对照'!$B$4,0,LOOKUP(D72,'等级-经验对照'!$B$4:$B$103,'等级-经验对照'!$A$4:$A$103)) -> 39 | F72: =IF(OR(B72=1,B72=7,B72=30,B72=60,B72=90,B72=180,B72=365),"D"&B72&" / Lv"&E72&" / "&ROUND(D72,0)&" XP","")
A73: =参数说明!$B$8+69 -> 46266 | B73: 69 | C73: =IF(B73=0,0,IF(B73<=7,FORECAST(B73,参数说明!$B$24:$B$25,参数说明!$A$24:$A$25),IF(B73<=30,FORECAST(B73,参数说明!$B$25:$B$26,参数说明!$A$25:$A$26),IF(B73<=60,FORECAST(B73,参数说明!$B$26:$B$27,参数说明!$A$26:$A$27),IF(B73<=90,FORECAST(B73,参数说明!$B$27:$B$28,参数说明!$A$27:$A$28),IF(B73<=180,FORECAST(B73,参数说明!$B$28:$B$29,参数说明!$A$28:$A$29),FORECAST(B73,参数说明!$B$29:$B$30,参数说明!$A$29:$A$30))))))) -> 58 | D73: =D72+C73 -> 3167.5 | E73: =IF(D73<'等级-经验对照'!$B$4,0,LOOKUP(D73,'等级-经验对照'!$B$4:$B$103,'等级-经验对照'!$A$4:$A$103)) -> 39 | F73: =IF(OR(B73=1,B73=7,B73=30,B73=60,B73=90,B73=180,B73=365),"D"&B73&" / Lv"&E73&" / "&ROUND(D73,0)&" XP","")
A74: =参数说明!$B$8+70 -> 46267 | B74: 70 | C74: =IF(B74=0,0,IF(B74<=7,FORECAST(B74,参数说明!$B$24:$B$25,参数说明!$A$24:$A$25),IF(B74<=30,FORECAST(B74,参数说明!$B$25:$B$26,参数说明!$A$25:$A$26),IF(B74<=60,FORECAST(B74,参数说明!$B$26:$B$27,参数说明!$A$26:$A$27),IF(B74<=90,FORECAST(B74,参数说明!$B$27:$B$28,参数说明!$A$27:$A$28),IF(B74<=180,FORECAST(B74,参数说明!$B$28:$B$29,参数说明!$A$28:$A$29),FORECAST(B74,参数说明!$B$29:$B$30,参数说明!$A$29:$A$30))))))) -> 58.333333 | D74: =D73+C74 -> 3225.8333 | E74: =IF(D74<'等级-经验对照'!$B$4,0,LOOKUP(D74,'等级-经验对照'!$B$4:$B$103,'等级-经验对照'!$A$4:$A$103)) -> 39 | F74: =IF(OR(B74=1,B74=7,B74=30,B74=60,B74=90,B74=180,B74=365),"D"&B74&" / Lv"&E74&" / "&ROUND(D74,0)&" XP","")
A75: =参数说明!$B$8+71 -> 46268 | B75: 71 | C75: =IF(B75=0,0,IF(B75<=7,FORECAST(B75,参数说明!$B$24:$B$25,参数说明!$A$24:$A$25),IF(B75<=30,FORECAST(B75,参数说明!$B$25:$B$26,参数说明!$A$25:$A$26),IF(B75<=60,FORECAST(B75,参数说明!$B$26:$B$27,参数说明!$A$26:$A$27),IF(B75<=90,FORECAST(B75,参数说明!$B$27:$B$28,参数说明!$A$27:$A$28),IF(B75<=180,FORECAST(B75,参数说明!$B$28:$B$29,参数说明!$A$28:$A$29),FORECAST(B75,参数说明!$B$29:$B$30,参数说明!$A$29:$A$30))))))) -> 58.666667 | D75: =D74+C75 -> 3284.5 | E75: =IF(D75<'等级-经验对照'!$B$4,0,LOOKUP(D75,'等级-经验对照'!$B$4:$B$103,'等级-经验对照'!$A$4:$A$103)) -> 39 | F75: =IF(OR(B75=1,B75=7,B75=30,B75=60,B75=90,B75=180,B75=365),"D"&B75&" / Lv"&E75&" / "&ROUND(D75,0)&" XP","")
A76: =参数说明!$B$8+72 -> 46269 | B76: 72 | C76: =IF(B76=0,0,IF(B76<=7,FORECAST(B76,参数说明!$B$24:$B$25,参数说明!$A$24:$A$25),IF(B76<=30,FORECAST(B76,参数说明!$B$25:$B$26,参数说明!$A$25:$A$26),IF(B76<=60,FORECAST(B76,参数说明!$B$26:$B$27,参数说明!$A$26:$A$27),IF(B76<=90,FORECAST(B76,参数说明!$B$27:$B$28,参数说明!$A$27:$A$28),IF(B76<=180,FORECAST(B76,参数说明!$B$28:$B$29,参数说明!$A$28:$A$29),FORECAST(B76,参数说明!$B$29:$B$30,参数说明!$A$29:$A$30))))))) -> 59 | D76: =D75+C76 -> 3343.5 | E76: =IF(D76<'等级-经验对照'!$B$4,0,LOOKUP(D76,'等级-经验对照'!$B$4:$B$103,'等级-经验对照'!$A$4:$A$103)) -> 40 | F76: =IF(OR(B76=1,B76=7,B76=30,B76=60,B76=90,B76=180,B76=365),"D"&B76&" / Lv"&E76&" / "&ROUND(D76,0)&" XP","")
A77: =参数说明!$B$8+73 -> 46270 | B77: 73 | C77: =IF(B77=0,0,IF(B77<=7,FORECAST(B77,参数说明!$B$24:$B$25,参数说明!$A$24:$A$25),IF(B77<=30,FORECAST(B77,参数说明!$B$25:$B$26,参数说明!$A$25:$A$26),IF(B77<=60,FORECAST(B77,参数说明!$B$26:$B$27,参数说明!$A$26:$A$27),IF(B77<=90,FORECAST(B77,参数说明!$B$27:$B$28,参数说明!$A$27:$A$28),IF(B77<=180,FORECAST(B77,参数说明!$B$28:$B$29,参数说明!$A$28:$A$29),FORECAST(B77,参数说明!$B$29:$B$30,参数说明!$A$29:$A$30))))))) -> 59.333333 | D77: =D76+C77 -> 3402.8333 | E77: =IF(D77<'等级-经验对照'!$B$4,0,LOOKUP(D77,'等级-经验对照'!$B$4:$B$103,'等级-经验对照'!$A$4:$A$103)) -> 40 | F77: =IF(OR(B77=1,B77=7,B77=30,B77=60,B77=90,B77=180,B77=365),"D"&B77&" / Lv"&E77&" / "&ROUND(D77,0)&" XP","")
A78: =参数说明!$B$8+74 -> 46271 | B78: 74 | C78: =IF(B78=0,0,IF(B78<=7,FORECAST(B78,参数说明!$B$24:$B$25,参数说明!$A$24:$A$25),IF(B78<=30,FORECAST(B78,参数说明!$B$25:$B$26,参数说明!$A$25:$A$26),IF(B78<=60,FORECAST(B78,参数说明!$B$26:$B$27,参数说明!$A$26:$A$27),IF(B78<=90,FORECAST(B78,参数说明!$B$27:$B$28,参数说明!$A$27:$A$28),IF(B78<=180,FORECAST(B78,参数说明!$B$28:$B$29,参数说明!$A$28:$A$29),FORECAST(B78,参数说明!$B$29:$B$30,参数说明!$A$29:$A$30))))))) -> 59.666667 | D78: =D77+C78 -> 3462.5 | E78: =IF(D78<'等级-经验对照'!$B$4,0,LOOKUP(D78,'等级-经验对照'!$B$4:$B$103,'等级-经验对照'!$A$4:$A$103)) -> 40 | F78: =IF(OR(B78=1,B78=7,B78=30,B78=60,B78=90,B78=180,B78=365),"D"&B78&" / Lv"&E78&" / "&ROUND(D78,0)&" XP","")
A79: =参数说明!$B$8+75 -> 46272 | B79: 75 | C79: =IF(B79=0,0,IF(B79<=7,FORECAST(B79,参数说明!$B$24:$B$25,参数说明!$A$24:$A$25),IF(B79<=30,FORECAST(B79,参数说明!$B$25:$B$26,参数说明!$A$25:$A$26),IF(B79<=60,FORECAST(B79,参数说明!$B$26:$B$27,参数说明!$A$26:$A$27),IF(B79<=90,FORECAST(B79,参数说明!$B$27:$B$28,参数说明!$A$27:$A$28),IF(B79<=180,FORECAST(B79,参数说明!$B$28:$B$29,参数说明!$A$28:$A$29),FORECAST(B79,参数说明!$B$29:$B$30,参数说明!$A$29:$A$30))))))) -> 60 | D79: =D78+C79 -> 3522.5 | E79: =IF(D79<'等级-经验对照'!$B$4,0,LOOKUP(D79,'等级-经验对照'!$B$4:$B$103,'等级-经验对照'!$A$4:$A$103)) -> 40 | F79: =IF(OR(B79=1,B79=7,B79=30,B79=60,B79=90,B79=180,B79=365),"D"&B79&" / Lv"&E79&" / "&ROUND(D79,0)&" XP","")
A80: =参数说明!$B$8+76 -> 46273 | B80: 76 | C80: =IF(B80=0,0,IF(B80<=7,FORECAST(B80,参数说明!$B$24:$B$25,参数说明!$A$24:$A$25),IF(B80<=30,FORECAST(B80,参数说明!$B$25:$B$26,参数说明!$A$25:$A$26),IF(B80<=60,FORECAST(B80,参数说明!$B$26:$B$27,参数说明!$A$26:$A$27),IF(B80<=90,FORECAST(B80,参数说明!$B$27:$B$28,参数说明!$A$27:$A$28),IF(B80<=180,FORECAST(B80,参数说明!$B$28:$B$29,参数说明!$A$28:$A$29),FORECAST(B80,参数说明!$B$29:$B$30,参数说明!$A$29:$A$30))))))) -> 60.333333 | D80: =D79+C80 -> 3582.8333 | E80: =IF(D80<'等级-经验对照'!$B$4,0,LOOKUP(D80,'等级-经验对照'!$B$4:$B$103,'等级-经验对照'!$A$4:$A$103)) -> 41 | F80: =IF(OR(B80=1,B80=7,B80=30,B80=60,B80=90,B80=180,B80=365),"D"&B80&" / Lv"&E80&" / "&ROUND(D80,0)&" XP","")
A81: =参数说明!$B$8+77 -> 46274 | B81: 77 | C81: =IF(B81=0,0,IF(B81<=7,FORECAST(B81,参数说明!$B$24:$B$25,参数说明!$A$24:$A$25),IF(B81<=30,FORECAST(B81,参数说明!$B$25:$B$26,参数说明!$A$25:$A$26),IF(B81<=60,FORECAST(B81,参数说明!$B$26:$B$27,参数说明!$A$26:$A$27),IF(B81<=90,FORECAST(B81,参数说明!$B$27:$B$28,参数说明!$A$27:$A$28),IF(B81<=180,FORECAST(B81,参数说明!$B$28:$B$29,参数说明!$A$28:$A$29),FORECAST(B81,参数说明!$B$29:$B$30,参数说明!$A$29:$A$30))))))) -> 60.666667 | D81: =D80+C81 -> 3643.5 | E81: =IF(D81<'等级-经验对照'!$B$4,0,LOOKUP(D81,'等级-经验对照'!$B$4:$B$103,'等级-经验对照'!$A$4:$A$103)) -> 41 | F81: =IF(OR(B81=1,B81=7,B81=30,B81=60,B81=90,B81=180,B81=365),"D"&B81&" / Lv"&E81&" / "&ROUND(D81,0)&" XP","")
A82: =参数说明!$B$8+78 -> 46275 | B82: 78 | C82: =IF(B82=0,0,IF(B82<=7,FORECAST(B82,参数说明!$B$24:$B$25,参数说明!$A$24:$A$25),IF(B82<=30,FORECAST(B82,参数说明!$B$25:$B$26,参数说明!$A$25:$A$26),IF(B82<=60,FORECAST(B82,参数说明!$B$26:$B$27,参数说明!$A$26:$A$27),IF(B82<=90,FORECAST(B82,参数说明!$B$27:$B$28,参数说明!$A$27:$A$28),IF(B82<=180,FORECAST(B82,参数说明!$B$28:$B$29,参数说明!$A$28:$A$29),FORECAST(B82,参数说明!$B$29:$B$30,参数说明!$A$29:$A$30))))))) -> 61 | D82: =D81+C82 -> 3704.5 | E82: =IF(D82<'等级-经验对照'!$B$4,0,LOOKUP(D82,'等级-经验对照'!$B$4:$B$103,'等级-经验对照'!$A$4:$A$103)) -> 41 | F82: =IF(OR(B82=1,B82=7,B82=30,B82=60,B82=90,B82=180,B82=365),"D"&B82&" / Lv"&E82&" / "&ROUND(D82,0)&" XP","")
A83: =参数说明!$B$8+79 -> 46276 | B83: 79 | C83: =IF(B83=0,0,IF(B83<=7,FORECAST(B83,参数说明!$B$24:$B$25,参数说明!$A$24:$A$25),IF(B83<=30,FORECAST(B83,参数说明!$B$25:$B$26,参数说明!$A$25:$A$26),IF(B83<=60,FORECAST(B83,参数说明!$B$26:$B$27,参数说明!$A$26:$A$27),IF(B83<=90,FORECAST(B83,参数说明!$B$27:$B$28,参数说明!$A$27:$A$28),IF(B83<=180,FORECAST(B83,参数说明!$B$28:$B$29,参数说明!$A$28:$A$29),FORECAST(B83,参数说明!$B$29:$B$30,参数说明!$A$29:$A$30))))))) -> 61.333333 | D83: =D82+C83 -> 3765.8333 | E83: =IF(D83<'等级-经验对照'!$B$4,0,LOOKUP(D83,'等级-经验对照'!$B$4:$B$103,'等级-经验对照'!$A$4:$A$103)) -> 41 | F83: =IF(OR(B83=1,B83=7,B83=30,B83=60,B83=90,B83=180,B83=365),"D"&B83&" / Lv"&E83&" / "&ROUND(D83,0)&" XP","")
A84: =参数说明!$B$8+80 -> 46277 | B84: 80 | C84: =IF(B84=0,0,IF(B84<=7,FORECAST(B84,参数说明!$B$24:$B$25,参数说明!$A$24:$A$25),IF(B84<=30,FORECAST(B84,参数说明!$B$25:$B$26,参数说明!$A$25:$A$26),IF(B84<=60,FORECAST(B84,参数说明!$B$26:$B$27,参数说明!$A$26:$A$27),IF(B84<=90,FORECAST(B84,参数说明!$B$27:$B$28,参数说明!$A$27:$A$28),IF(B84<=180,FORECAST(B84,参数说明!$B$28:$B$29,参数说明!$A$28:$A$29),FORECAST(B84,参数说明!$B$29:$B$30,参数说明!$A$29:$A$30))))))) -> 61.666667 | D84: =D83+C84 -> 3827.5 | E84: =IF(D84<'等级-经验对照'!$B$4,0,LOOKUP(D84,'等级-经验对照'!$B$4:$B$103,'等级-经验对照'!$A$4:$A$103)) -> 42 | F84: =IF(OR(B84=1,B84=7,B84=30,B84=60,B84=90,B84=180,B84=365),"D"&B84&" / Lv"&E84&" / "&ROUND(D84,0)&" XP","")
A85: =参数说明!$B$8+81 -> 46278 | B85: 81 | C85: =IF(B85=0,0,IF(B85<=7,FORECAST(B85,参数说明!$B$24:$B$25,参数说明!$A$24:$A$25),IF(B85<=30,FORECAST(B85,参数说明!$B$25:$B$26,参数说明!$A$25:$A$26),IF(B85<=60,FORECAST(B85,参数说明!$B$26:$B$27,参数说明!$A$26:$A$27),IF(B85<=90,FORECAST(B85,参数说明!$B$27:$B$28,参数说明!$A$27:$A$28),IF(B85<=180,FORECAST(B85,参数说明!$B$28:$B$29,参数说明!$A$28:$A$29),FORECAST(B85,参数说明!$B$29:$B$30,参数说明!$A$29:$A$30))))))) -> 62 | D85: =D84+C85 -> 3889.5 | E85: =IF(D85<'等级-经验对照'!$B$4,0,LOOKUP(D85,'等级-经验对照'!$B$4:$B$103,'等级-经验对照'!$A$4:$A$103)) -> 42 | F85: =IF(OR(B85=1,B85=7,B85=30,B85=60,B85=90,B85=180,B85=365),"D"&B85&" / Lv"&E85&" / "&ROUND(D85,0)&" XP","")
A86: =参数说明!$B$8+82 -> 46279 | B86: 82 | C86: =IF(B86=0,0,IF(B86<=7,FORECAST(B86,参数说明!$B$24:$B$25,参数说明!$A$24:$A$25),IF(B86<=30,FORECAST(B86,参数说明!$B$25:$B$26,参数说明!$A$25:$A$26),IF(B86<=60,FORECAST(B86,参数说明!$B$26:$B$27,参数说明!$A$26:$A$27),IF(B86<=90,FORECAST(B86,参数说明!$B$27:$B$28,参数说明!$A$27:$A$28),IF(B86<=180,FORECAST(B86,参数说明!$B$28:$B$29,参数说明!$A$28:$A$29),FORECAST(B86,参数说明!$B$29:$B$30,参数说明!$A$29:$A$30))))))) -> 62.333333 | D86: =D85+C86 -> 3951.8333 | E86: =IF(D86<'等级-经验对照'!$B$4,0,LOOKUP(D86,'等级-经验对照'!$B$4:$B$103,'等级-经验对照'!$A$4:$A$103)) -> 42 | F86: =IF(OR(B86=1,B86=7,B86=30,B86=60,B86=90,B86=180,B86=365),"D"&B86&" / Lv"&E86&" / "&ROUND(D86,0)&" XP","")
A87: =参数说明!$B$8+83 -> 46280 | B87: 83 | C87: =IF(B87=0,0,IF(B87<=7,FORECAST(B87,参数说明!$B$24:$B$25,参数说明!$A$24:$A$25),IF(B87<=30,FORECAST(B87,参数说明!$B$25:$B$26,参数说明!$A$25:$A$26),IF(B87<=60,FORECAST(B87,参数说明!$B$26:$B$27,参数说明!$A$26:$A$27),IF(B87<=90,FORECAST(B87,参数说明!$B$27:$B$28,参数说明!$A$27:$A$28),IF(B87<=180,FORECAST(B87,参数说明!$B$28:$B$29,参数说明!$A$28:$A$29),FORECAST(B87,参数说明!$B$29:$B$30,参数说明!$A$29:$A$30))))))) -> 62.666667 | D87: =D86+C87 -> 4014.5 | E87: =IF(D87<'等级-经验对照'!$B$4,0,LOOKUP(D87,'等级-经验对照'!$B$4:$B$103,'等级-经验对照'!$A$4:$A$103)) -> 43 | F87: =IF(OR(B87=1,B87=7,B87=30,B87=60,B87=90,B87=180,B87=365),"D"&B87&" / Lv"&E87&" / "&ROUND(D87,0)&" XP","")
A88: =参数说明!$B$8+84 -> 46281 | B88: 84 | C88: =IF(B88=0,0,IF(B88<=7,FORECAST(B88,参数说明!$B$24:$B$25,参数说明!$A$24:$A$25),IF(B88<=30,FORECAST(B88,参数说明!$B$25:$B$26,参数说明!$A$25:$A$26),IF(B88<=60,FORECAST(B88,参数说明!$B$26:$B$27,参数说明!$A$26:$A$27),IF(B88<=90,FORECAST(B88,参数说明!$B$27:$B$28,参数说明!$A$27:$A$28),IF(B88<=180,FORECAST(B88,参数说明!$B$28:$B$29,参数说明!$A$28:$A$29),FORECAST(B88,参数说明!$B$29:$B$30,参数说明!$A$29:$A$30))))))) -> 63 | D88: =D87+C88 -> 4077.5 | E88: =IF(D88<'等级-经验对照'!$B$4,0,LOOKUP(D88,'等级-经验对照'!$B$4:$B$103,'等级-经验对照'!$A$4:$A$103)) -> 43 | F88: =IF(OR(B88=1,B88=7,B88=30,B88=60,B88=90,B88=180,B88=365),"D"&B88&" / Lv"&E88&" / "&ROUND(D88,0)&" XP","")
A89: =参数说明!$B$8+85 -> 46282 | B89: 85 | C89: =IF(B89=0,0,IF(B89<=7,FORECAST(B89,参数说明!$B$24:$B$25,参数说明!$A$24:$A$25),IF(B89<=30,FORECAST(B89,参数说明!$B$25:$B$26,参数说明!$A$25:$A$26),IF(B89<=60,FORECAST(B89,参数说明!$B$26:$B$27,参数说明!$A$26:$A$27),IF(B89<=90,FORECAST(B89,参数说明!$B$27:$B$28,参数说明!$A$27:$A$28),IF(B89<=180,FORECAST(B89,参数说明!$B$28:$B$29,参数说明!$A$28:$A$29),FORECAST(B89,参数说明!$B$29:$B$30,参数说明!$A$29:$A$30))))))) -> 63.333333 | D89: =D88+C89 -> 4140.8333 | E89: =IF(D89<'等级-经验对照'!$B$4,0,LOOKUP(D89,'等级-经验对照'!$B$4:$B$103,'等级-经验对照'!$A$4:$A$103)) -> 43 | F89: =IF(OR(B89=1,B89=7,B89=30,B89=60,B89=90,B89=180,B89=365),"D"&B89&" / Lv"&E89&" / "&ROUND(D89,0)&" XP","")
A90: =参数说明!$B$8+86 -> 46283 | B90: 86 | C90: =IF(B90=0,0,IF(B90<=7,FORECAST(B90,参数说明!$B$24:$B$25,参数说明!$A$24:$A$25),IF(B90<=30,FORECAST(B90,参数说明!$B$25:$B$26,参数说明!$A$25:$A$26),IF(B90<=60,FORECAST(B90,参数说明!$B$26:$B$27,参数说明!$A$26:$A$27),IF(B90<=90,FORECAST(B90,参数说明!$B$27:$B$28,参数说明!$A$27:$A$28),IF(B90<=180,FORECAST(B90,参数说明!$B$28:$B$29,参数说明!$A$28:$A$29),FORECAST(B90,参数说明!$B$29:$B$30,参数说明!$A$29:$A$30))))))) -> 63.666667 | D90: =D89+C90 -> 4204.5 | E90: =IF(D90<'等级-经验对照'!$B$4,0,LOOKUP(D90,'等级-经验对照'!$B$4:$B$103,'等级-经验对照'!$A$4:$A$103)) -> 43 | F90: =IF(OR(B90=1,B90=7,B90=30,B90=60,B90=90,B90=180,B90=365),"D"&B90&" / Lv"&E90&" / "&ROUND(D90,0)&" XP","")
A91: =参数说明!$B$8+87 -> 46284 | B91: 87 | C91: =IF(B91=0,0,IF(B91<=7,FORECAST(B91,参数说明!$B$24:$B$25,参数说明!$A$24:$A$25),IF(B91<=30,FORECAST(B91,参数说明!$B$25:$B$26,参数说明!$A$25:$A$26),IF(B91<=60,FORECAST(B91,参数说明!$B$26:$B$27,参数说明!$A$26:$A$27),IF(B91<=90,FORECAST(B91,参数说明!$B$27:$B$28,参数说明!$A$27:$A$28),IF(B91<=180,FORECAST(B91,参数说明!$B$28:$B$29,参数说明!$A$28:$A$29),FORECAST(B91,参数说明!$B$29:$B$30,参数说明!$A$29:$A$30))))))) -> 64 | D91: =D90+C91 -> 4268.5 | E91: =IF(D91<'等级-经验对照'!$B$4,0,LOOKUP(D91,'等级-经验对照'!$B$4:$B$103,'等级-经验对照'!$A$4:$A$103)) -> 44 | F91: =IF(OR(B91=1,B91=7,B91=30,B91=60,B91=90,B91=180,B91=365),"D"&B91&" / Lv"&E91&" / "&ROUND(D91,0)&" XP","")
A92: =参数说明!$B$8+88 -> 46285 | B92: 88 | C92: =IF(B92=0,0,IF(B92<=7,FORECAST(B92,参数说明!$B$24:$B$25,参数说明!$A$24:$A$25),IF(B92<=30,FORECAST(B92,参数说明!$B$25:$B$26,参数说明!$A$25:$A$26),IF(B92<=60,FORECAST(B92,参数说明!$B$26:$B$27,参数说明!$A$26:$A$27),IF(B92<=90,FORECAST(B92,参数说明!$B$27:$B$28,参数说明!$A$27:$A$28),IF(B92<=180,FORECAST(B92,参数说明!$B$28:$B$29,参数说明!$A$28:$A$29),FORECAST(B92,参数说明!$B$29:$B$30,参数说明!$A$29:$A$30))))))) -> 64.333333 | D92: =D91+C92 -> 4332.8333 | E92: =IF(D92<'等级-经验对照'!$B$4,0,LOOKUP(D92,'等级-经验对照'!$B$4:$B$103,'等级-经验对照'!$A$4:$A$103)) -> 44 | F92: =IF(OR(B92=1,B92=7,B92=30,B92=60,B92=90,B92=180,B92=365),"D"&B92&" / Lv"&E92&" / "&ROUND(D92,0)&" XP","")
A93: =参数说明!$B$8+89 -> 46286 | B93: 89 | C93: =IF(B93=0,0,IF(B93<=7,FORECAST(B93,参数说明!$B$24:$B$25,参数说明!$A$24:$A$25),IF(B93<=30,FORECAST(B93,参数说明!$B$25:$B$26,参数说明!$A$25:$A$26),IF(B93<=60,FORECAST(B93,参数说明!$B$26:$B$27,参数说明!$A$26:$A$27),IF(B93<=90,FORECAST(B93,参数说明!$B$27:$B$28,参数说明!$A$27:$A$28),IF(B93<=180,FORECAST(B93,参数说明!$B$28:$B$29,参数说明!$A$28:$A$29),FORECAST(B93,参数说明!$B$29:$B$30,参数说明!$A$29:$A$30))))))) -> 64.666667 | D93: =D92+C93 -> 4397.5 | E93: =IF(D93<'等级-经验对照'!$B$4,0,LOOKUP(D93,'等级-经验对照'!$B$4:$B$103,'等级-经验对照'!$A$4:$A$103)) -> 44 | F93: =IF(OR(B93=1,B93=7,B93=30,B93=60,B93=90,B93=180,B93=365),"D"&B93&" / Lv"&E93&" / "&ROUND(D93,0)&" XP","")
A94: =参数说明!$B$8+90 -> 46287 | B94: 90 | C94: =IF(B94=0,0,IF(B94<=7,FORECAST(B94,参数说明!$B$24:$B$25,参数说明!$A$24:$A$25),IF(B94<=30,FORECAST(B94,参数说明!$B$25:$B$26,参数说明!$A$25:$A$26),IF(B94<=60,FORECAST(B94,参数说明!$B$26:$B$27,参数说明!$A$26:$A$27),IF(B94<=90,FORECAST(B94,参数说明!$B$27:$B$28,参数说明!$A$27:$A$28),IF(B94<=180,FORECAST(B94,参数说明!$B$28:$B$29,参数说明!$A$28:$A$29),FORECAST(B94,参数说明!$B$29:$B$30,参数说明!$A$29:$A$30))))))) -> 65 | D94: =D93+C94 -> 4462.5 | E94: =IF(D94<'等级-经验对照'!$B$4,0,LOOKUP(D94,'等级-经验对照'!$B$4:$B$103,'等级-经验对照'!$A$4:$A$103)) -> 45 | F94: =IF(OR(B94=1,B94=7,B94=30,B94=60,B94=90,B94=180,B94=365),"D"&B94&" / Lv"&E94&" / "&ROUND(D94,0)&" XP","") -> D90 / Lv45 / 4463 XP
A95: =参数说明!$B$8+91 -> 46288 | B95: 91 | C95: =IF(B95=0,0,IF(B95<=7,FORECAST(B95,参数说明!$B$24:$B$25,参数说明!$A$24:$A$25),IF(B95<=30,FORECAST(B95,参数说明!$B$25:$B$26,参数说明!$A$25:$A$26),IF(B95<=60,FORECAST(B95,参数说明!$B$26:$B$27,参数说明!$A$26:$A$27),IF(B95<=90,FORECAST(B95,参数说明!$B$27:$B$28,参数说明!$A$27:$A$28),IF(B95<=180,FORECAST(B95,参数说明!$B$28:$B$29,参数说明!$A$28:$A$29),FORECAST(B95,参数说明!$B$29:$B$30,参数说明!$A$29:$A$30))))))) -> 65.166667 | D95: =D94+C95 -> 4527.6667 | E95: =IF(D95<'等级-经验对照'!$B$4,0,LOOKUP(D95,'等级-经验对照'!$B$4:$B$103,'等级-经验对照'!$A$4:$A$103)) -> 45 | F95: =IF(OR(B95=1,B95=7,B95=30,B95=60,B95=90,B95=180,B95=365),"D"&B95&" / Lv"&E95&" / "&ROUND(D95,0)&" XP","")
A96: =参数说明!$B$8+92 -> 46289 | B96: 92 | C96: =IF(B96=0,0,IF(B96<=7,FORECAST(B96,参数说明!$B$24:$B$25,参数说明!$A$24:$A$25),IF(B96<=30,FORECAST(B96,参数说明!$B$25:$B$26,参数说明!$A$25:$A$26),IF(B96<=60,FORECAST(B96,参数说明!$B$26:$B$27,参数说明!$A$26:$A$27),IF(B96<=90,FORECAST(B96,参数说明!$B$27:$B$28,参数说明!$A$27:$A$28),IF(B96<=180,FORECAST(B96,参数说明!$B$28:$B$29,参数说明!$A$28:$A$29),FORECAST(B96,参数说明!$B$29:$B$30,参数说明!$A$29:$A$30))))))) -> 65.333333 | D96: =D95+C96 -> 4593 | E96: =IF(D96<'等级-经验对照'!$B$4,0,LOOKUP(D96,'等级-经验对照'!$B$4:$B$103,'等级-经验对照'!$A$4:$A$103)) -> 45 | F96: =IF(OR(B96=1,B96=7,B96=30,B96=60,B96=90,B96=180,B96=365),"D"&B96&" / Lv"&E96&" / "&ROUND(D96,0)&" XP","")
A97: =参数说明!$B$8+93 -> 46290 | B97: 93 | C97: =IF(B97=0,0,IF(B97<=7,FORECAST(B97,参数说明!$B$24:$B$25,参数说明!$A$24:$A$25),IF(B97<=30,FORECAST(B97,参数说明!$B$25:$B$26,参数说明!$A$25:$A$26),IF(B97<=60,FORECAST(B97,参数说明!$B$26:$B$27,参数说明!$A$26:$A$27),IF(B97<=90,FORECAST(B97,参数说明!$B$27:$B$28,参数说明!$A$27:$A$28),IF(B97<=180,FORECAST(B97,参数说明!$B$28:$B$29,参数说明!$A$28:$A$29),FORECAST(B97,参数说明!$B$29:$B$30,参数说明!$A$29:$A$30))))))) -> 65.5 | D97: =D96+C97 -> 4658.5 | E97: =IF(D97<'等级-经验对照'!$B$4,0,LOOKUP(D97,'等级-经验对照'!$B$4:$B$103,'等级-经验对照'!$A$4:$A$103)) -> 45 | F97: =IF(OR(B97=1,B97=7,B97=30,B97=60,B97=90,B97=180,B97=365),"D"&B97&" / Lv"&E97&" / "&ROUND(D97,0)&" XP","")
A98: =参数说明!$B$8+94 -> 46291 | B98: 94 | C98: =IF(B98=0,0,IF(B98<=7,FORECAST(B98,参数说明!$B$24:$B$25,参数说明!$A$24:$A$25),IF(B98<=30,FORECAST(B98,参数说明!$B$25:$B$26,参数说明!$A$25:$A$26),IF(B98<=60,FORECAST(B98,参数说明!$B$26:$B$27,参数说明!$A$26:$A$27),IF(B98<=90,FORECAST(B98,参数说明!$B$27:$B$28,参数说明!$A$27:$A$28),IF(B98<=180,FORECAST(B98,参数说明!$B$28:$B$29,参数说明!$A$28:$A$29),FORECAST(B98,参数说明!$B$29:$B$30,参数说明!$A$29:$A$30))))))) -> 65.666667 | D98: =D97+C98 -> 4724.1667 | E98: =IF(D98<'等级-经验对照'!$B$4,0,LOOKUP(D98,'等级-经验对照'!$B$4:$B$103,'等级-经验对照'!$A$4:$A$103)) -> 45 | F98: =IF(OR(B98=1,B98=7,B98=30,B98=60,B98=90,B98=180,B98=365),"D"&B98&" / Lv"&E98&" / "&ROUND(D98,0)&" XP","")
A99: =参数说明!$B$8+95 -> 46292 | B99: 95 | C99: =IF(B99=0,0,IF(B99<=7,FORECAST(B99,参数说明!$B$24:$B$25,参数说明!$A$24:$A$25),IF(B99<=30,FORECAST(B99,参数说明!$B$25:$B$26,参数说明!$A$25:$A$26),IF(B99<=60,FORECAST(B99,参数说明!$B$26:$B$27,参数说明!$A$26:$A$27),IF(B99<=90,FORECAST(B99,参数说明!$B$27:$B$28,参数说明!$A$27:$A$28),IF(B99<=180,FORECAST(B99,参数说明!$B$28:$B$29,参数说明!$A$28:$A$29),FORECAST(B99,参数说明!$B$29:$B$30,参数说明!$A$29:$A$30))))))) -> 65.833333 | D99: =D98+C99 -> 4790 | E99: =IF(D99<'等级-经验对照'!$B$4,0,LOOKUP(D99,'等级-经验对照'!$B$4:$B$103,'等级-经验对照'!$A$4:$A$103)) -> 46 | F99: =IF(OR(B99=1,B99=7,B99=30,B99=60,B99=90,B99=180,B99=365),"D"&B99&" / Lv"&E99&" / "&ROUND(D99,0)&" XP","")
A100: =参数说明!$B$8+96 -> 46293 | B100: 96 | C100: =IF(B100=0,0,IF(B100<=7,FORECAST(B100,参数说明!$B$24:$B$25,参数说明!$A$24:$A$25),IF(B100<=30,FORECAST(B100,参数说明!$B$25:$B$26,参数说明!$A$25:$A$26),IF(B100<=60,FORECAST(B100,参数说明!$B$26:$B$27,参数说明!$A$26:$A$27),IF(B100<=90,FORECAST(B100,参数说明!$B$27:$B$28,参数说明!$A$27:$A$28),IF(B100<=180,FORECAST(B100,参数说明!$B$28:$B$29,参数说明!$A$28:$A$29),FORECAST(B100,参数说明!$B$29:$B$30,参数说明!$A$29:$A$30))))))) -> 66 | D100: =D99+C100 -> 4856 | E100: =IF(D100<'等级-经验对照'!$B$4,0,LOOKUP(D100,'等级-经验对照'!$B$4:$B$103,'等级-经验对照'!$A$4:$A$103)) -> 46 | F100: =IF(OR(B100=1,B100=7,B100=30,B100=60,B100=90,B100=180,B100=365),"D"&B100&" / Lv"&E100&" / "&ROUND(D100,0)&" XP","")
A101: =参数说明!$B$8+97 -> 46294 | B101: 97 | C101: =IF(B101=0,0,IF(B101<=7,FORECAST(B101,参数说明!$B$24:$B$25,参数说明!$A$24:$A$25),IF(B101<=30,FORECAST(B101,参数说明!$B$25:$B$26,参数说明!$A$25:$A$26),IF(B101<=60,FORECAST(B101,参数说明!$B$26:$B$27,参数说明!$A$26:$A$27),IF(B101<=90,FORECAST(B101,参数说明!$B$27:$B$28,参数说明!$A$27:$A$28),IF(B101<=180,FORECAST(B101,参数说明!$B$28:$B$29,参数说明!$A$28:$A$29),FORECAST(B101,参数说明!$B$29:$B$30,参数说明!$A$29:$A$30))))))) -> 66.166667 | D101: =D100+C101 -> 4922.1667 | E101: =IF(D101<'等级-经验对照'!$B$4,0,LOOKUP(D101,'等级-经验对照'!$B$4:$B$103,'等级-经验对照'!$A$4:$A$103)) -> 46 | F101: =IF(OR(B101=1,B101=7,B101=30,B101=60,B101=90,B101=180,B101=365),"D"&B101&" / Lv"&E101&" / "&ROUND(D101,0)&" XP","")
...

Sheet 参数说明
A1: 参数说明
A3: 参数 | B3: 值
A4: 等级上限 | B4: 100
A5: 基础题型 XP | B5: 10
A6: 普通用户每日 level | B6: 3
A7: 普通用户每日 XP | B7: =B5*B6 -> 30
A8: 新增日期 | B8: 46197
A9: 曲线天数 | B9: 365
A12: 等级锚点 | B12: 累计经验 | C12: 说明
A13: 0 | B13: 0 | C13: 初始等级
A14: 3 | B14: 30 | C14: 首日约到 Lv3
A15: 10 | B15: 225 | C15: 7 日约到 Lv10
A16: 25 | B16: 1150 | C16: 30 日约到 Lv25
A17: 37 | B17: 2650 | C17: 60 日约到 Lv37
A18: 45 | B18: 4450 | C18: 90 日约到 Lv45
A19: 65 | B19: 10995 | C19: 180 日约到 Lv65
A20: 100 | B20: 27600 | C20: 365 日约到 Lv100
A23: 每日 XP 留存天数 | B23: 当日 XP | C23: 说明
A24: 1 | B24: 30 | C24: 首日约 3 个基础学习行为
A25: 7 | B25: 35 | C25: 首周形成轻量学习节奏
A26: 30 | B26: 45 | C26: 30 日后课程完成数和进阶题占比提升
A27: 60 | B27: 55 | C27: 两个月后学习习惯更稳定
A28: 90 | B28: 65 | C28: 季度留存用户更愿意做口语/听力
A29: 180 | B29: 80 | C29: 半年留存用户学习深度继续增加
A30: 365 | B30: 100 | C30: 年度留存用户进入稳定高频学习
A33: 说明
A34: 1 | B34: 修改 B4:B9、等级锚点或每日 XP 留存曲线锚点，会影响前两张表。
A35: 2 | B35: 等级页通过等级锚点线性插值生成累计经验，并四舍五入到 5 的倍数。
A36: 3 | B36: 曲线页按新增日期起算，当日 XP 随留存天数分段增长，累计经验为每日 XP 累加。
A37: 4 | B37: 多邻国用 XP 做即时反馈，但长期成长会受学习习惯、任务、活动影响；Pinu 第一版先只建课程 XP 地基。
A38: 5 | B38: 第一版暂不引入 Coins、任务 XP、倍卡 XP，避免早期经济系统过重。
A39: 6 | B39: 如未来任务、倍卡或活动使 XP 长期膨胀，应优先上调中后段等级锚点。
