Workbook

Sheet 等级经验对照表
A1: 等级 | B1: 累计 XP | C1: 升级所需 XP | D1: 约学习 lesson | E1: 约学习天数
A2: 0 | B2: 0 | C2: 10 | D2: =B2/参数说明!$B$4 -> 0 | E2: =D2/参数说明!$B$5 -> 0
A3: 1 | B3: 10 | C3: 15 | D3: =B3/参数说明!$B$4 -> 1 | E3: =D3/参数说明!$B$5 -> 0.33333333
A4: 2 | B4: 25 | C4: 25 | D4: =B4/参数说明!$B$4 -> 2.5 | E4: =D4/参数说明!$B$5 -> 0.83333333
A5: 3 | B5: 50 | C5: 30 | D5: =B5/参数说明!$B$4 -> 5 | E5: =D5/参数说明!$B$5 -> 1.6666667
A6: 4 | B6: 80 | C6: 40 | D6: =B6/参数说明!$B$4 -> 8 | E6: =D6/参数说明!$B$5 -> 2.6666667
A7: 5 | B7: 120 | C7: 45 | D7: =B7/参数说明!$B$4 -> 12 | E7: =D7/参数说明!$B$5 -> 4
A8: 6 | B8: 165 | C8: 55 | D8: =B8/参数说明!$B$4 -> 16.5 | E8: =D8/参数说明!$B$5 -> 5.5
A9: 7 | B9: 220 | C9: 70 | D9: =B9/参数说明!$B$4 -> 22 | E9: =D9/参数说明!$B$5 -> 7.3333333
A10: 8 | B10: 290 | C10: 80 | D10: =B10/参数说明!$B$4 -> 29 | E10: =D10/参数说明!$B$5 -> 9.6666667
A11: 9 | B11: 370 | C11: 90 | D11: =B11/参数说明!$B$4 -> 37 | E11: =D11/参数说明!$B$5 -> 12.333333
A12: 10 | B12: 460 | C12: 100 | D12: =B12/参数说明!$B$4 -> 46 | E12: =D12/参数说明!$B$5 -> 15.333333
A13: 11 | B13: 560 | C13: 120 | D13: =B13/参数说明!$B$4 -> 56 | E13: =D13/参数说明!$B$5 -> 18.666667
... A32: 30 | B32: 6260 | C32: 500 | D32: =B32/参数说明!$B$4 -> 626 | E32: =D32/参数说明!$B$5 -> 208.66667

Sheet 参数说明
A1: 等级经验系统参数
A3: 参数 | B3: 值
A4: 单 lesson XP | B4: 10
A5: 人均每日 lesson | B5: 3
A6: 人均每日 XP | B6: =B4*B5 -> 30
A7: 推荐覆盖等级 | B7: Lv0-Lv30
A8: 节奏假设 | B8: 首日有反馈，一周有成长，一个月进入中期等级
A10: 周期 | B10: 累计天数 | C10: 预计累计 XP | D10: 目标等级区间
A11: 首日 | B11: 1 | C11: =B11*$B$6 -> 30 | D11: Lv2-Lv3
A12: 一周 | B12: 7 | C12: =B12*$B$6 -> 210 | D12: Lv6-Lv7
A13: 一个月 | B13: 30 | C13: =B13*$B$6 -> 900 | D13: Lv13-Lv14
A14: 三个月 | B14: 90 | C14: =B14*$B$6 -> 2700 | D14: Lv21-Lv22
A15: 半年 | B15: 180 | C15: =B15*$B$6 -> 5400 | D15: Lv30+
A17: 设计说明
A18: 1 | B18: 等级表达长期成长，不直接等同能力测评。
A19: 2 | B19: 前 10 级反馈更密，适合新用户建立正反馈。
A20: 3 | B20: 10-20 级逐步拉长，避免普通用户过快消耗等级空间。
A21: 4 | B21: 20 级后保持线性增加，便于后台继续扩展。
A22: 5 | B22: 如后续实际人均 lesson 变化，只需调整 B4/B5 并重算节奏。
